{"skeleton":{"width":368,"height":311,"fps":24,"hash":" ","name":"Amrture"},"bones":[{"name":"root"}],"slots":[{"name":"bonus_particle_00","bone":"root","attachment":"bonus_particle_00"},{"name":"bonus_particle_01","bone":"root","attachment":"bonus_particle_01"},{"name":"bonus_particle_02","bone":"root","attachment":"bonus_particle_02"},{"name":"bonus_particle_03","bone":"root","attachment":"bonus_particle_03"},{"name":"bonus_particle_04","bone":"root","attachment":"bonus_particle_04"},{"name":"bonus_particle_05","bone":"root","attachment":"bonus_particle_05"},{"name":"bonus_particle_06","bone":"root","attachment":"bonus_particle_06"},{"name":"bonus_particle_07","bone":"root","attachment":"bonus_particle_07"},{"name":"bonus_particle_08","bone":"root","attachment":"bonus_particle_08"},{"name":"bonus_particle_09","bone":"root","attachment":"bonus_particle_09"},{"name":"bonus_particle_10","bone":"root","attachment":"bonus_particle_10"},{"name":"bonus_particle_11","bone":"root","attachment":"bonus_particle_11"}],"skins":{"default":{"bonus_particle_05":{"bonus_particle_05":{"name":"bonus_particle_05","width":368,"height":311}},"bonus_particle_04":{"bonus_particle_04":{"name":"bonus_particle_04","width":368,"height":311}},"bonus_particle_02":{"bonus_particle_02":{"name":"bonus_particle_02","width":368,"height":311}},"bonus_particle_00":{"bonus_particle_00":{"name":"bonus_particle_00","width":368,"height":311}},"bonus_particle_01":{"bonus_particle_01":{"name":"bonus_particle_01","width":368,"height":311}},"bonus_particle_09":{"bonus_particle_09":{"name":"bonus_particle_09","width":368,"height":311}},"bonus_particle_11":{"bonus_particle_11":{"name":"bonus_particle_11","width":368,"height":311}},"bonus_particle_10":{"bonus_particle_10":{"name":"bonus_particle_10","width":368,"height":311}},"bonus_particle_03":{"bonus_particle_03":{"name":"bonus_particle_03","width":368,"height":311}},"bonus_particle_08":{"bonus_particle_08":{"name":"bonus_particle_08","width":368,"height":311}},"bonus_particle_07":{"bonus_particle_07":{"name":"bonus_particle_07","width":368,"height":311}},"bonus_particle_06":{"bonus_particle_06":{"name":"bonus_particle_06","width":368,"height":311}}}},"animations":{"newAnimation":{"slots":{"bonus_particle_00":{"color":[{"time":0,"color":"FFFFFFFF"},{"time":0.0417,"color":"FFFFFFFF"},{"time":0.0834,"color":"FFFFFF00"}]},"bonus_particle_01":{"color":[{"time":0,"color":"FFFFFF00"},{"time":0.0417,"color":"FFFFFF00"},{"time":0.0834,"color":"FFFFFFFF"},{"time":0.1251,"color":"FFFFFF00"}]},"bonus_particle_02":{"color":[{"time":0,"color":"FFFFFF00"},{"time":0.0833,"color":"FFFFFF00"},{"time":0.125,"color":"FFFFFFFF"},{"time":0.1667,"color":"FFFFFF00"}]},"bonus_particle_03":{"color":[{"time":0,"color":"FFFFFF00"},{"time":0.125,"color":"FFFFFF00"},{"time":0.1667,"color":"FFFFFFFF"},{"time":0.2084,"color":"FFFFFF00"}]},"bonus_particle_04":{"color":[{"time":0,"color":"FFFFFF00"},{"time":0.1667,"color":"FFFFFF00"},{"time":0.2084,"color":"FFFFFFFF"},{"time":0.2501,"color":"FFFFFF00"}]},"bonus_particle_05":{"color":[{"time":0,"color":"FFFFFF00"},{"time":0.2083,"color":"FFFFFF00"},{"time":0.25,"color":"FFFFFFFF"},{"time":0.2917,"color":"FFFFFF00"}]},"bonus_particle_06":{"color":[{"time":0,"color":"FFFFFF00"},{"time":0.25,"color":"FFFFFF00"},{"time":0.2917,"color":"FFFFFFFF"},{"time":0.3334,"color":"FFFFFF00"}]},"bonus_particle_07":{"color":[{"time":0,"color":"FFFFFF00"},{"time":0.2917,"color":"FFFFFF00"},{"time":0.3334,"color":"FFFFFFFF"},{"time":0.3751,"color":"FFFFFF00"}]},"bonus_particle_08":{"color":[{"time":0,"color":"FFFFFF00"},{"time":0.3333,"color":"FFFFFF00"},{"time":0.375,"color":"FFFFFFFF"},{"time":0.4167,"color":"FFFFFF00"}]},"bonus_particle_09":{"color":[{"time":0,"color":"FFFFFF00"},{"time":0.375,"color":"FFFFFF00"},{"time":0.4167,"color":"FFFFFFFF"},{"time":0.4584,"color":"FFFFFF00"}]},"bonus_particle_10":{"color":[{"time":0,"color":"FFFFFF00"},{"time":0.4167,"color":"FFFFFF00"},{"time":0.4584,"color":"FFFFFFFF"},{"time":0.5001,"color":"FFFFFF00"}]},"bonus_particle_11":{"color":[{"time":0,"color":"FFFFFF00"},{"time":0.4583,"color":"FFFFFF00"},{"time":0.5,"color":"FFFFFFFF"},{"time":0.5417,"color":"FFFFFF00"}]}}}}}