{"skeleton":{"width":253,"height":341,"fps":24,"hash":" ","name":"Armature"},"bones":[{"name":"root"}],"slots":[{"name":"payselect_coin_00","bone":"root","attachment":"payselect_coin_00"},{"name":"payselect_coin_01","bone":"root","attachment":"payselect_coin_01"},{"name":"payselect_coin_02","bone":"root","attachment":"payselect_coin_02"},{"name":"payselect_coin_03","bone":"root","attachment":"payselect_coin_03"},{"name":"payselect_coin_04","bone":"root","attachment":"payselect_coin_04"},{"name":"payselect_coin_05","bone":"root","attachment":"payselect_coin_05"},{"name":"payselect_coin_06","bone":"root","attachment":"payselect_coin_06"},{"name":"payselect_coin_07","bone":"root","attachment":"payselect_coin_07"},{"name":"payselect_coin_08","bone":"root","attachment":"payselect_coin_08"},{"name":"payselect_coin_09","bone":"root","attachment":"payselect_coin_09"},{"name":"payselect_coin_10","bone":"root","attachment":"payselect_coin_10"},{"name":"payselect_coin_11","bone":"root","attachment":"payselect_coin_11"}],"skins":{"default":{"payselect_coin_00":{"payselect_coin_00":{"name":"payselect_coin_00","width":103,"height":108,"x":3,"y":76}},"payselect_coin_01":{"payselect_coin_01":{"name":"payselect_coin_01","width":163,"height":155,"x":9,"y":78.5}},"payselect_coin_02":{"payselect_coin_02":{"name":"payselect_coin_02","width":195,"height":178,"x":14,"y":70}},"payselect_coin_03":{"payselect_coin_03":{"name":"payselect_coin_03","width":214,"height":202,"x":10.5,"y":61}},"payselect_coin_04":{"payselect_coin_04":{"name":"payselect_coin_04","width":226,"height":209,"x":9.5,"y":50.5}},"payselect_coin_05":{"payselect_coin_05":{"name":"payselect_coin_05","width":242,"height":218,"x":11.5,"y":33}},"payselect_coin_06":{"payselect_coin_06":{"name":"payselect_coin_06","width":247,"height":236,"x":6,"y":16}},"payselect_coin_07":{"payselect_coin_07":{"name":"payselect_coin_07","width":244,"height":243,"x":1.5,"y":-2.5}},"payselect_coin_08":{"payselect_coin_08":{"name":"payselect_coin_08","width":187,"height":245,"x":-26,"y":-27.5}},"payselect_coin_09":{"payselect_coin_09":{"name":"payselect_coin_09","width":186,"height":200,"x":-25.5,"y":-79}},"payselect_coin_10":{"payselect_coin_10":{"name":"payselect_coin_10","width":55,"height":60,"x":38,"y":-80}},"payselect_coin_11":{"payselect_coin_11":{"name":"payselect_coin_11","width":11,"height":16,"x":61,"y":-127}}}},"animations":{"newAnimation":{"slots":{"payselect_coin_00":{"color":[{"time":0,"color":"FFFFFFFF"},{"time":0.0417,"color":"FFFFFFFF"},{"time":0.0834,"color":"FFFFFF00"}]},"payselect_coin_01":{"color":[{"time":0,"color":"FFFFFF00"},{"time":0.0417,"color":"FFFFFF00"},{"time":0.0834,"color":"FFFFFFFF"},{"time":0.1251,"color":"FFFFFF00"}]},"payselect_coin_02":{"color":[{"time":0,"color":"FFFFFF00"},{"time":0.125,"color":"FFFFFF00"},{"time":0.1667,"color":"FFFFFFFF"},{"time":0.2084,"color":"FFFFFF00"}]},"payselect_coin_03":{"color":[{"time":0,"color":"FFFFFF00"},{"time":0.125,"color":"FFFFFF00"},{"time":0.1667,"color":"FFFFFFFF"},{"time":0.2084,"color":"FFFFFF00"}]},"payselect_coin_04":{"color":[{"time":0,"color":"FFFFFF00"},{"time":0.1667,"color":"FFFFFF00"},{"time":0.2084,"color":"FFFFFFFF"},{"time":0.2501,"color":"FFFFFF00"}]},"payselect_coin_05":{"color":[{"time":0,"color":"FFFFFF00"},{"time":0.2083,"color":"FFFFFF00"},{"time":0.25,"color":"FFFFFFFF"},{"time":0.2917,"color":"FFFFFF00"}]},"payselect_coin_06":{"color":[{"time":0,"color":"FFFFFF00"},{"time":0.25,"color":"FFFFFF00"},{"time":0.2917,"color":"FFFFFFFF"},{"time":0.3334,"color":"FFFFFF00"}]},"payselect_coin_07":{"color":[{"time":0,"color":"FFFFFF00"},{"time":0.2917,"color":"FFFFFF00"},{"time":0.3334,"color":"FFFFFFFF"},{"time":0.3751,"color":"FFFFFF00"}]},"payselect_coin_08":{"color":[{"time":0,"color":"FFFFFF00"},{"time":0.3333,"color":"FFFFFF00"},{"time":0.375,"color":"FFFFFFFF"},{"time":0.4167,"color":"FFFFFF00"}]},"payselect_coin_09":{"color":[{"time":0,"color":"FFFFFF00"},{"time":0.375,"color":"FFFFFF00"},{"time":0.4167,"color":"FFFFFFFF"},{"time":0.4584,"color":"FFFFFF00"}]},"payselect_coin_10":{"color":[{"time":0,"color":"FFFFFF00"},{"time":0.4167,"color":"FFFFFF00"},{"time":0.4584,"color":"FFFFFFFF"},{"time":0.5001,"color":"FFFFFF00"}]},"payselect_coin_11":{"color":[{"time":0,"color":"FFFFFF00"},{"time":0.4583,"color":"FFFFFF00"},{"time":0.5,"color":"FFFFFFFF"},{"time":0.5417,"color":"FFFFFF00"}]}}}}}