{"skeleton":{"width":110,"height":316,"fps":24,"hash":" ","name":"Armature"},"bones":[{"name":"root"}],"slots":[{"name":"fs_particle_00","bone":"root","attachment":"fs_particle_00"},{"name":"fs_particle_01","bone":"root","attachment":"fs_particle_01"},{"name":"fs_particle_02","bone":"root","attachment":"fs_particle_02"},{"name":"fs_particle_03","bone":"root","attachment":"fs_particle_03"},{"name":"fs_particle_04","bone":"root","attachment":"fs_particle_04"},{"name":"fs_particle_05","bone":"root","attachment":"fs_particle_05"},{"name":"fs_particle_06","bone":"root","attachment":"fs_particle_06"},{"name":"fs_particle_07","bone":"root","attachment":"fs_particle_07"},{"name":"fs_particle_08","bone":"root","attachment":"fs_particle_08"},{"name":"fs_particle_09","bone":"root","attachment":"fs_particle_09"},{"name":"fs_particle_10","bone":"root","attachment":"fs_particle_10"},{"name":"fs_particle_11","bone":"root","attachment":"fs_particle_11"},{"name":"fs_particle_12","bone":"root","attachment":"fs_particle_12"},{"name":"fs_particle_13","bone":"root","attachment":"fs_particle_13"},{"name":"fs_particle_14","bone":"root","attachment":"fs_particle_14"},{"name":"fs_particle_15","bone":"root","attachment":"fs_particle_15"}],"skins":{"default":{"fs_particle_07":{"fs_particle_07":{"name":"fs_particle_07","width":110,"height":316}},"fs_particle_00":{"fs_particle_00":{"name":"fs_particle_00","width":110,"height":316}},"fs_particle_03":{"fs_particle_03":{"name":"fs_particle_03","width":110,"height":316}},"fs_particle_04":{"fs_particle_04":{"name":"fs_particle_04","width":110,"height":316}},"fs_particle_02":{"fs_particle_02":{"name":"fs_particle_02","width":110,"height":316}},"fs_particle_10":{"fs_particle_10":{"name":"fs_particle_10","width":110,"height":316}},"fs_particle_05":{"fs_particle_05":{"name":"fs_particle_05","width":110,"height":316}},"fs_particle_08":{"fs_particle_08":{"name":"fs_particle_08","width":110,"height":316}},"fs_particle_15":{"fs_particle_15":{"name":"fs_particle_15","width":110,"height":316}},"fs_particle_14":{"fs_particle_14":{"name":"fs_particle_14","width":110,"height":316}},"fs_particle_13":{"fs_particle_13":{"name":"fs_particle_13","width":110,"height":316}},"fs_particle_06":{"fs_particle_06":{"name":"fs_particle_06","width":110,"height":316}},"fs_particle_11":{"fs_particle_11":{"name":"fs_particle_11","width":110,"height":316}},"fs_particle_01":{"fs_particle_01":{"name":"fs_particle_01","width":110,"height":316}},"fs_particle_09":{"fs_particle_09":{"name":"fs_particle_09","width":110,"height":316}},"fs_particle_12":{"fs_particle_12":{"name":"fs_particle_12","width":110,"height":316}}}},"animations":{"newAnimation":{"slots":{"fs_particle_00":{"color":[{"time":0,"color":"FFFFFFFF"},{"time":0.0417,"color":"FFFFFFFF"},{"time":0.0834,"color":"FFFFFF00"},{"time":0.7084,"color":"FFFFFFFF"}]},"fs_particle_01":{"color":[{"time":0,"color":"FFFFFF00"},{"time":0.0417,"color":"FFFFFF00"},{"time":0.0834,"color":"FFFFFFFF"},{"time":0.1251,"color":"FFFFFF00"}]},"fs_particle_02":{"color":[{"time":0,"color":"FFFFFF00"},{"time":0.0833,"color":"FFFFFF00"},{"time":0.125,"color":"FFFFFFFF"},{"time":0.1667,"color":"FFFFFF00"}]},"fs_particle_03":{"color":[{"time":0,"color":"FFFFFF00"},{"time":0.125,"color":"FFFFFF00"},{"time":0.1667,"color":"FFFFFFFF"},{"time":0.2084,"color":"FFFFFF00"}]},"fs_particle_04":{"color":[{"time":0,"color":"FFFFFF00"},{"time":0.1667,"color":"FFFFFF00"},{"time":0.2084,"color":"FFFFFFFF"},{"time":0.2501,"color":"FFFFFF00"}]},"fs_particle_05":{"color":[{"time":0,"color":"FFFFFF00"},{"time":0.2083,"color":"FFFFFF00"},{"time":0.25,"color":"FFFFFFFF"},{"time":0.2917,"color":"FFFFFF00"}]},"fs_particle_06":{"color":[{"time":0,"color":"FFFFFF00"},{"time":0.25,"color":"FFFFFF00"},{"time":0.2917,"color":"FFFFFFFF"},{"time":0.3334,"color":"FFFFFF00"}]},"fs_particle_07":{"color":[{"time":0,"color":"FFFFFF00"},{"time":0.2917,"color":"FFFFFF00"},{"time":0.3334,"color":"FFFFFFFF"},{"time":0.3751,"color":"FFFFFF00"}]},"fs_particle_08":{"color":[{"time":0,"color":"FFFFFF00"},{"time":0.3333,"color":"FFFFFF00"},{"time":0.375,"color":"FFFFFFFF"},{"time":0.4167,"color":"FFFFFF00"}]},"fs_particle_09":{"color":[{"time":0,"color":"FFFFFF00"},{"time":0.375,"color":"FFFFFF00"},{"time":0.4167,"color":"FFFFFFFF"},{"time":0.4584,"color":"FFFFFF00"}]},"fs_particle_10":{"color":[{"time":0,"color":"FFFFFF00"},{"time":0.4167,"color":"FFFFFF00"},{"time":0.4584,"color":"FFFFFFFF"},{"time":0.5001,"color":"FFFFFF00"}]},"fs_particle_11":{"color":[{"time":0,"color":"FFFFFF00"},{"time":0.4583,"color":"FFFFFF00"},{"time":0.5,"color":"FFFFFFFF"},{"time":0.5417,"color":"FFFFFF00"}]},"fs_particle_12":{"color":[{"time":0,"color":"FFFFFF00"},{"time":0.5,"color":"FFFFFF00"},{"time":0.5417,"color":"FFFFFFFF"},{"time":0.5834,"color":"FFFFFF00"}]},"fs_particle_13":{"color":[{"time":0,"color":"FFFFFF00"},{"time":0.5417,"color":"FFFFFF00"},{"time":0.5834,"color":"FFFFFFFF"},{"time":0.6251,"color":"FFFFFF00"}]},"fs_particle_14":{"color":[{"time":0,"color":"FFFFFF00"},{"time":0.5833,"color":"FFFFFF00"},{"time":0.625,"color":"FFFFFFFF"},{"time":0.6667,"color":"FFFFFF00"}]},"fs_particle_15":{"color":[{"time":0,"color":"FFFFFF00"},{"time":0.625,"color":"FFFFFF00"},{"time":0.6667,"color":"FFFFFFFF"},{"time":0.7084,"color":"FFFFFF00"}]}}}}}