{"skeleton":{"width":228,"height":149,"fps":24,"hash":" ","name":"Armature"},"bones":[{"name":"root"}],"slots":[{"name":"bw_cannon_fire_00","bone":"root","attachment":"bw_cannon_fire_00"},{"name":"bw_cannon_fire_01","bone":"root","attachment":"bw_cannon_fire_01"},{"name":"bw_cannon_fire_02","bone":"root","attachment":"bw_cannon_fire_02"},{"name":"bw_cannon_fire_03","bone":"root","attachment":"bw_cannon_fire_03"},{"name":"bw_cannon_fire_04","bone":"root","attachment":"bw_cannon_fire_04"},{"name":"bw_cannon_fire_05","bone":"root","attachment":"bw_cannon_fire_05"},{"name":"bw_cannon_fire_06","bone":"root","attachment":"bw_cannon_fire_06"}],"skins":{"default":{"bw_cannon_fire_03":{"bw_cannon_fire_03":{"name":"bw_cannon_fire_03","width":228,"height":149}},"bw_cannon_fire_00":{"bw_cannon_fire_00":{"name":"bw_cannon_fire_00","width":228,"height":149}},"bw_cannon_fire_01":{"bw_cannon_fire_01":{"name":"bw_cannon_fire_01","width":228,"height":149}},"bw_cannon_fire_06":{"bw_cannon_fire_06":{"name":"bw_cannon_fire_06","width":228,"height":149}},"bw_cannon_fire_02":{"bw_cannon_fire_02":{"name":"bw_cannon_fire_02","width":228,"height":149}},"bw_cannon_fire_05":{"bw_cannon_fire_05":{"name":"bw_cannon_fire_05","width":228,"height":149}},"bw_cannon_fire_04":{"bw_cannon_fire_04":{"name":"bw_cannon_fire_04","width":228,"height":149}}}},"animations":{"newAnimation":{"slots":{"bw_cannon_fire_00":{"color":[{"time":0,"color":"FFFFFFFF"},{"time":0.0417,"color":"FFFFFFFF"},{"time":0.0834,"color":"FFFFFF00"}]},"bw_cannon_fire_01":{"color":[{"time":0,"color":"FFFFFF00"},{"time":0.0417,"color":"FFFFFF00"},{"time":0.0834,"color":"FFFFFFFF"},{"time":0.1251,"color":"FFFFFF00"}]},"bw_cannon_fire_02":{"color":[{"time":0,"color":"FFFFFF00"},{"time":0.0833,"color":"FFFFFF00"},{"time":0.125,"color":"FFFFFFFF"},{"time":0.1667,"color":"FFFFFF00"}]},"bw_cannon_fire_03":{"color":[{"time":0,"color":"FFFFFF00"},{"time":0.125,"color":"FFFFFF00"},{"time":0.1667,"color":"FFFFFFFF"},{"time":0.2084,"color":"FFFFFF00"}]},"bw_cannon_fire_04":{"color":[{"time":0,"color":"FFFFFF00"},{"time":0.1667,"color":"FFFFFF00"},{"time":0.2084,"color":"FFFFFFFF"},{"time":0.2501,"color":"FFFFFF00"}]},"bw_cannon_fire_05":{"color":[{"time":0,"color":"FFFFFF00"},{"time":0.2083,"color":"FFFFFF00"},{"time":0.25,"color":"FFFFFFFF"},{"time":0.2917,"color":"FFFFFF00"}]},"bw_cannon_fire_06":{"color":[{"time":0,"color":"FFFFFF00"},{"time":0.25,"color":"FFFFFF00"},{"time":0.2917,"color":"FFFFFFFF"},{"time":0.3334,"color":"FFFFFF00"}]}}}}}