{"skeleton":{"width":309,"height":171,"fps":24,"hash":" ","name":"Armature"},"bones":[{"name":"root"}],"slots":[{"name":"infobar_glow_c_00","bone":"root","attachment":"infobar_glow_c_00"},{"name":"infobar_glow_c_01","bone":"root","attachment":"infobar_glow_c_01"},{"name":"infobar_glow_c_02","bone":"root","attachment":"infobar_glow_c_02"},{"name":"infobar_glow_c_03","bone":"root","attachment":"infobar_glow_c_03"},{"name":"infobar_glow_c_04","bone":"root","attachment":"infobar_glow_c_04"},{"name":"infobar_glow_c_05","bone":"root","attachment":"infobar_glow_c_05"},{"name":"infobar_glow_c_06","bone":"root","attachment":"infobar_glow_c_06"},{"name":"infobar_glow_c_07","bone":"root","attachment":"infobar_glow_c_07"},{"name":"infobar_glow_c_08","bone":"root","attachment":"infobar_glow_c_08"},{"name":"infobar_glow_c_09","bone":"root","attachment":"infobar_glow_c_09"},{"name":"infobar_glow_c_10","bone":"root","attachment":"infobar_glow_c_10"},{"name":"infobar_glow_c_11","bone":"root","attachment":"infobar_glow_c_11"},{"name":"infobar_glow_c_12","bone":"root","attachment":"infobar_glow_c_12"},{"name":"infobar_glow_c_13","bone":"root","attachment":"infobar_glow_c_13"},{"name":"infobar_glow_c_14","bone":"root","attachment":"infobar_glow_c_14"},{"name":"infobar_glow_c_15","bone":"root","attachment":"infobar_glow_c_15"},{"name":"infobar_glow_c_16","bone":"root","attachment":"infobar_glow_c_16"}],"skins":{"default":{"infobar_glow_c_11":{"infobar_glow_c_11":{"name":"infobar_glow_c_11","width":309,"height":171}},"infobar_glow_c_00":{"infobar_glow_c_00":{"name":"infobar_glow_c_00","width":309,"height":171}},"infobar_glow_c_01":{"infobar_glow_c_01":{"name":"infobar_glow_c_01","width":309,"height":171}},"infobar_glow_c_10":{"infobar_glow_c_10":{"name":"infobar_glow_c_10","width":309,"height":171}},"infobar_glow_c_03":{"infobar_glow_c_03":{"name":"infobar_glow_c_03","width":309,"height":171}},"infobar_glow_c_09":{"infobar_glow_c_09":{"name":"infobar_glow_c_09","width":309,"height":171}},"infobar_glow_c_05":{"infobar_glow_c_05":{"name":"infobar_glow_c_05","width":309,"height":171}},"infobar_glow_c_06":{"infobar_glow_c_06":{"name":"infobar_glow_c_06","width":309,"height":171}},"infobar_glow_c_07":{"infobar_glow_c_07":{"name":"infobar_glow_c_07","width":309,"height":171}},"infobar_glow_c_08":{"infobar_glow_c_08":{"name":"infobar_glow_c_08","width":309,"height":171}},"infobar_glow_c_16":{"infobar_glow_c_16":{"name":"infobar_glow_c_16","width":309,"height":171}},"infobar_glow_c_02":{"infobar_glow_c_02":{"name":"infobar_glow_c_02","width":309,"height":171}},"infobar_glow_c_15":{"infobar_glow_c_15":{"name":"infobar_glow_c_15","width":309,"height":171}},"infobar_glow_c_14":{"infobar_glow_c_14":{"name":"infobar_glow_c_14","width":309,"height":171}},"infobar_glow_c_04":{"infobar_glow_c_04":{"name":"infobar_glow_c_04","width":309,"height":171}},"infobar_glow_c_13":{"infobar_glow_c_13":{"name":"infobar_glow_c_13","width":309,"height":171}},"infobar_glow_c_12":{"infobar_glow_c_12":{"name":"infobar_glow_c_12","width":309,"height":171}}}},"animations":{"newAnimation":{"slots":{"infobar_glow_c_00":{"color":[{"time":0,"color":"FFFFFFFF"},{"time":0.0417,"color":"FFFFFFFF"},{"time":0.0834,"color":"FFFFFF00"}]},"infobar_glow_c_01":{"color":[{"time":0,"color":"FFFFFF00"},{"time":0.0417,"color":"FFFFFF00"},{"time":0.0834,"color":"FFFFFFFF"},{"time":0.1251,"color":"FFFFFF00"}]},"infobar_glow_c_02":{"color":[{"time":0,"color":"FFFFFF00"},{"time":0.0833,"color":"FFFFFF00"},{"time":0.125,"color":"FFFFFFFF"},{"time":0.1667,"color":"FFFFFF00"}]},"infobar_glow_c_03":{"color":[{"time":0,"color":"FFFFFF00"},{"time":0.125,"color":"FFFFFF00"},{"time":0.1667,"color":"FFFFFFFF"},{"time":0.2084,"color":"FFFFFF00"}]},"infobar_glow_c_04":{"color":[{"time":0,"color":"FFFFFF00"},{"time":0.1667,"color":"FFFFFF00"},{"time":0.2084,"color":"FFFFFFFF"},{"time":0.2501,"color":"FFFFFF00"}]},"infobar_glow_c_05":{"color":[{"time":0,"color":"FFFFFF00"},{"time":0.2083,"color":"FFFFFF00"},{"time":0.25,"color":"FFFFFFFF"},{"time":0.2917,"color":"FFFFFF00"}]},"infobar_glow_c_06":{"color":[{"time":0,"color":"FFFFFF00"},{"time":0.25,"color":"FFFFFF00"},{"time":0.2917,"color":"FFFFFFFF"},{"time":0.3334,"color":"FFFFFF00"}]},"infobar_glow_c_07":{"color":[{"time":0,"color":"FFFFFF00"},{"time":0.2917,"color":"FFFFFF00"},{"time":0.3334,"color":"FFFFFFFF"},{"time":0.3751,"color":"FFFFFF00"}]},"infobar_glow_c_08":{"color":[{"time":0,"color":"FFFFFF00"},{"time":0.3333,"color":"FFFFFF00"},{"time":0.375,"color":"FFFFFFFF"},{"time":0.4167,"color":"FFFFFF00"}]},"infobar_glow_c_09":{"color":[{"time":0,"color":"FFFFFF00"},{"time":0.375,"color":"FFFFFF00"},{"time":0.4167,"color":"FFFFFFFF"},{"time":0.4584,"color":"FFFFFF00"}]},"infobar_glow_c_10":{"color":[{"time":0,"color":"FFFFFF00"},{"time":0.4167,"color":"FFFFFF00"},{"time":0.4584,"color":"FFFFFFFF"},{"time":0.5001,"color":"FFFFFF00"}]},"infobar_glow_c_11":{"color":[{"time":0,"color":"FFFFFF00"},{"time":0.4583,"color":"FFFFFF00"},{"time":0.5,"color":"FFFFFFFF"},{"time":0.5417,"color":"FFFFFF00"}]},"infobar_glow_c_12":{"color":[{"time":0,"color":"FFFFFF00"},{"time":0.5,"color":"FFFFFF00"},{"time":0.5417,"color":"FFFFFFFF"},{"time":0.5834,"color":"FFFFFF00"}]},"infobar_glow_c_13":{"color":[{"time":0,"color":"FFFFFF00"},{"time":0.5417,"color":"FFFFFF00"},{"time":0.5834,"color":"FFFFFFFF"},{"time":0.6251,"color":"FFFFFF00"}]},"infobar_glow_c_14":{"color":[{"time":0,"color":"FFFFFF00"},{"time":0.5833,"color":"FFFFFF00"},{"time":0.625,"color":"FFFFFFFF"},{"time":0.6667,"color":"FFFFFF00"}]},"infobar_glow_c_15":{"color":[{"time":0,"color":"FFFFFF00"},{"time":0.625,"color":"FFFFFF00"},{"time":0.6667,"color":"FFFFFFFF"},{"time":0.7084,"color":"FFFFFF00"}]},"infobar_glow_c_16":{"color":[{"time":0,"color":"FFFFFF00"},{"time":0.6667,"color":"FFFFFF00"},{"time":0.7084,"color":"FFFFFFFF"},{"time":0.7501,"color":"FFFFFF00"}]}}}}}