{"skeleton":{"width":432,"height":193,"fps":24,"hash":" ","name":"Armature"},"bones":[{"name":"root"}],"slots":[{"name":"impact_fx_00","bone":"root","attachment":"impact_fx_00"},{"name":"impact_fx_01","bone":"root","attachment":"impact_fx_01"},{"name":"impact_fx_02","bone":"root","attachment":"impact_fx_02"},{"name":"impact_fx_03","bone":"root","attachment":"impact_fx_03"},{"name":"impact_fx_04","bone":"root","attachment":"impact_fx_04"},{"name":"impact_fx_05","bone":"root","attachment":"impact_fx_05"}],"skins":{"default":{"impact_fx_05":{"impact_fx_05":{"name":"impact_fx_05","width":432,"height":193}},"impact_fx_04":{"impact_fx_04":{"name":"impact_fx_04","width":432,"height":193}},"impact_fx_00":{"impact_fx_00":{"name":"impact_fx_00","width":432,"height":193}},"impact_fx_01":{"impact_fx_01":{"name":"impact_fx_01","width":432,"height":193}},"impact_fx_03":{"impact_fx_03":{"name":"impact_fx_03","width":432,"height":193}},"impact_fx_02":{"impact_fx_02":{"name":"impact_fx_02","width":432,"height":193}}}},"animations":{"newAnimation":{"slots":{"impact_fx_00":{"color":[{"time":0,"color":"FFFFFFFF"},{"time":0.0417,"color":"FFFFFFFF"},{"time":0.0834,"color":"FFFFFF00"}]},"impact_fx_01":{"color":[{"time":0,"color":"FFFFFF00"},{"time":0.0417,"color":"FFFFFF00"},{"time":0.0834,"color":"FFFFFFFF"},{"time":0.1251,"color":"FFFFFF00"}]},"impact_fx_02":{"color":[{"time":0,"color":"FFFFFF00"},{"time":0.0833,"color":"FFFFFF00"},{"time":0.125,"color":"FFFFFFFF"},{"time":0.1667,"color":"FFFFFF00"}]},"impact_fx_03":{"color":[{"time":0,"color":"FFFFFF00"},{"time":0.125,"color":"FFFFFF00"},{"time":0.1667,"color":"FFFFFFFF"},{"time":0.2084,"color":"FFFFFF00"}]},"impact_fx_04":{"color":[{"time":0,"color":"FFFFFF00"},{"time":0.1667,"color":"FFFFFF00"},{"time":0.2084,"color":"FFFFFFFF"},{"time":0.2501,"color":"FFFFFF00"}]},"impact_fx_05":{"color":[{"time":0,"color":"FFFFFF00"},{"time":0.2083,"color":"FFFFFF00"},{"time":0.25,"color":"FFFFFFFF"},{"time":0.2917,"color":"FFFFFF00"}]}}}}}