{"skeleton":{"width":238,"height":241,"fps":24,"hash":" ","name":"Armature"},"bones":[{"name":"root"}],"slots":[{"name":"bw_particle_00","bone":"root","attachment":"bw_particle_00"},{"name":"bw_particle_01","bone":"root","attachment":"bw_particle_01"},{"name":"bw_particle_02","bone":"root","attachment":"bw_particle_02"},{"name":"bw_particle_03","bone":"root","attachment":"bw_particle_03"},{"name":"bw_particle_04","bone":"root","attachment":"bw_particle_04"},{"name":"bw_particle_05","bone":"root","attachment":"bw_particle_05"},{"name":"bw_particle_06","bone":"root","attachment":"bw_particle_06"},{"name":"bw_particle_07","bone":"root","attachment":"bw_particle_07"},{"name":"bw_particle_08","bone":"root","attachment":"bw_particle_08"},{"name":"bw_particle_09","bone":"root","attachment":"bw_particle_09"},{"name":"bw_particle_10","bone":"root","attachment":"bw_particle_10"},{"name":"bw_particle_11","bone":"root","attachment":"bw_particle_11"},{"name":"bw_particle_12","bone":"root","attachment":"bw_particle_12"},{"name":"bw_particle_13","bone":"root","attachment":"bw_particle_13"},{"name":"bw_particle_14","bone":"root","attachment":"bw_particle_14"},{"name":"bw_particle_15","bone":"root","attachment":"bw_particle_15"},{"name":"bw_particle_16","bone":"root","attachment":"bw_particle_16"}],"skins":{"default":{"bw_particle_00":{"bw_particle_00":{"name":"bw_particle_00","width":238,"height":241}},"bw_particle_03":{"bw_particle_03":{"name":"bw_particle_03","width":238,"height":241}},"bw_particle_02":{"bw_particle_02":{"name":"bw_particle_02","width":238,"height":241}},"bw_particle_15":{"bw_particle_15":{"name":"bw_particle_15","width":238,"height":241}},"bw_particle_01":{"bw_particle_01":{"name":"bw_particle_01","width":238,"height":241}},"bw_particle_04":{"bw_particle_04":{"name":"bw_particle_04","width":238,"height":241}},"bw_particle_09":{"bw_particle_09":{"name":"bw_particle_09","width":238,"height":241}},"bw_particle_07":{"bw_particle_07":{"name":"bw_particle_07","width":238,"height":241}},"bw_particle_08":{"bw_particle_08":{"name":"bw_particle_08","width":238,"height":241}},"bw_particle_10":{"bw_particle_10":{"name":"bw_particle_10","width":238,"height":241}},"bw_particle_06":{"bw_particle_06":{"name":"bw_particle_06","width":238,"height":241}},"bw_particle_16":{"bw_particle_16":{"name":"bw_particle_16","width":238,"height":241}},"bw_particle_13":{"bw_particle_13":{"name":"bw_particle_13","width":238,"height":241}},"bw_particle_11":{"bw_particle_11":{"name":"bw_particle_11","width":238,"height":241}},"bw_particle_14":{"bw_particle_14":{"name":"bw_particle_14","width":238,"height":241}},"bw_particle_05":{"bw_particle_05":{"name":"bw_particle_05","width":238,"height":241}},"bw_particle_12":{"bw_particle_12":{"name":"bw_particle_12","width":238,"height":241}}}},"animations":{"newAnimation":{"slots":{"bw_particle_00":{"color":[{"time":0,"color":"FFFFFFFF"},{"time":0.0417,"color":"FFFFFFFF"},{"time":0.0834,"color":"FFFFFF00"},{"time":0.7501,"color":"FFFFFFFF"}]},"bw_particle_01":{"color":[{"time":0,"color":"FFFFFF00"},{"time":0.0417,"color":"FFFFFF00"},{"time":0.0834,"color":"FFFFFFFF"},{"time":0.1251,"color":"FFFFFF00"}]},"bw_particle_02":{"color":[{"time":0,"color":"FFFFFF00"},{"time":0.0833,"color":"FFFFFF00"},{"time":0.125,"color":"FFFFFFFF"},{"time":0.1667,"color":"FFFFFF00"}]},"bw_particle_03":{"color":[{"time":0,"color":"FFFFFF00"},{"time":0.125,"color":"FFFFFF00"},{"time":0.1667,"color":"FFFFFFFF"},{"time":0.2084,"color":"FFFFFF00"}]},"bw_particle_04":{"color":[{"time":0,"color":"FFFFFF00"},{"time":0.1667,"color":"FFFFFF00"},{"time":0.2084,"color":"FFFFFFFF"},{"time":0.2501,"color":"FFFFFF00"}]},"bw_particle_05":{"color":[{"time":0,"color":"FFFFFF00"},{"time":0.2083,"color":"FFFFFF00"},{"time":0.25,"color":"FFFFFFFF"},{"time":0.2917,"color":"FFFFFF00"}]},"bw_particle_06":{"color":[{"time":0,"color":"FFFFFF00"},{"time":0.25,"color":"FFFFFF00"},{"time":0.2917,"color":"FFFFFFFF"},{"time":0.3334,"color":"FFFFFF00"}]},"bw_particle_07":{"color":[{"time":0,"color":"FFFFFF00"},{"time":0.2917,"color":"FFFFFF00"},{"time":0.3334,"color":"FFFFFFFF"},{"time":0.3751,"color":"FFFFFF00"}]},"bw_particle_08":{"color":[{"time":0,"color":"FFFFFF00"},{"time":0.3333,"color":"FFFFFF00"},{"time":0.375,"color":"FFFFFFFF"},{"time":0.4167,"color":"FFFFFF00"}]},"bw_particle_09":{"color":[{"time":0,"color":"FFFFFF00"},{"time":0.375,"color":"FFFFFF00"},{"time":0.4167,"color":"FFFFFFFF"},{"time":0.4584,"color":"FFFFFF00"}]},"bw_particle_10":{"color":[{"time":0,"color":"FFFFFF00"},{"time":0.4167,"color":"FFFFFF00"},{"time":0.4584,"color":"FFFFFFFF"},{"time":0.5001,"color":"FFFFFF00"}]},"bw_particle_11":{"color":[{"time":0,"color":"FFFFFF00"},{"time":0.4583,"color":"FFFFFF00"},{"time":0.5,"color":"FFFFFFFF"},{"time":0.5417,"color":"FFFFFF00"}]},"bw_particle_12":{"color":[{"time":0,"color":"FFFFFF00"},{"time":0.5,"color":"FFFFFF00"},{"time":0.5417,"color":"FFFFFFFF"},{"time":0.5834,"color":"FFFFFF00"}]},"bw_particle_13":{"color":[{"time":0,"color":"FFFFFF00"},{"time":0.5417,"color":"FFFFFF00"},{"time":0.5834,"color":"FFFFFFFF"},{"time":0.6251,"color":"FFFFFF00"}]},"bw_particle_14":{"color":[{"time":0,"color":"FFFFFF00"},{"time":0.5833,"color":"FFFFFF00"},{"time":0.625,"color":"FFFFFFFF"},{"time":0.6667,"color":"FFFFFF00"}]},"bw_particle_15":{"color":[{"time":0,"color":"FFFFFF00"},{"time":0.625,"color":"FFFFFF00"},{"time":0.6667,"color":"FFFFFFFF"},{"time":0.7084,"color":"FFFFFF00"}]},"bw_particle_16":{"color":[{"time":0,"color":"FFFFFF00"},{"time":0.6667,"color":"FFFFFF00"},{"time":0.7084,"color":"FFFFFFFF"},{"time":0.7501,"color":"FFFFFF00"}]}}}}}