{"skeleton":{"width":316,"height":323,"fps":24,"hash":" ","name":"Armature"},"bones":[{"name":"root"}],"slots":[{"name":"bw_firework_00","bone":"root","attachment":"bw_firework_00"},{"name":"bw_firework_01","bone":"root","attachment":"bw_firework_01"},{"name":"bw_firework_02","bone":"root","attachment":"bw_firework_02"},{"name":"bw_firework_03","bone":"root","attachment":"bw_firework_03"},{"name":"bw_firework_04","bone":"root","attachment":"bw_firework_04"},{"name":"bw_firework_05","bone":"root","attachment":"bw_firework_05"},{"name":"bw_firework_06","bone":"root","attachment":"bw_firework_06"},{"name":"bw_firework_07","bone":"root","attachment":"bw_firework_07"},{"name":"bw_firework_08","bone":"root","attachment":"bw_firework_08"},{"name":"bw_firework_09","bone":"root","attachment":"bw_firework_09"},{"name":"bw_firework_10","bone":"root","attachment":"bw_firework_10"},{"name":"bw_firework_11","bone":"root","attachment":"bw_firework_11"},{"name":"bw_firework_12","bone":"root","attachment":"bw_firework_12"},{"name":"bw_firework_13","bone":"root","attachment":"bw_firework_13"},{"name":"bw_firework_14","bone":"root","attachment":"bw_firework_14"},{"name":"bw_firework_15","bone":"root","attachment":"bw_firework_15"},{"name":"bw_firework_16","bone":"root","attachment":"bw_firework_16"},{"name":"bw_firework_17","bone":"root","attachment":"bw_firework_17"}],"skins":{"default":{"bw_firework_09":{"bw_firework_09":{"name":"bw_firework_09","width":316,"height":323}},"bw_firework_17":{"bw_firework_17":{"name":"bw_firework_17","width":316,"height":323}},"bw_firework_07":{"bw_firework_07":{"name":"bw_firework_07","width":316,"height":323}},"bw_firework_00":{"bw_firework_00":{"name":"bw_firework_00","width":316,"height":323}},"bw_firework_01":{"bw_firework_01":{"name":"bw_firework_01","width":316,"height":323}},"bw_firework_02":{"bw_firework_02":{"name":"bw_firework_02","width":316,"height":323}},"bw_firework_13":{"bw_firework_13":{"name":"bw_firework_13","width":316,"height":323}},"bw_firework_03":{"bw_firework_03":{"name":"bw_firework_03","width":316,"height":323}},"bw_firework_04":{"bw_firework_04":{"name":"bw_firework_04","width":316,"height":323}},"bw_firework_05":{"bw_firework_05":{"name":"bw_firework_05","width":316,"height":323}},"bw_firework_06":{"bw_firework_06":{"name":"bw_firework_06","width":316,"height":323}},"bw_firework_16":{"bw_firework_16":{"name":"bw_firework_16","width":316,"height":323}},"bw_firework_15":{"bw_firework_15":{"name":"bw_firework_15","width":316,"height":323}},"bw_firework_14":{"bw_firework_14":{"name":"bw_firework_14","width":316,"height":323}},"bw_firework_08":{"bw_firework_08":{"name":"bw_firework_08","width":316,"height":323}},"bw_firework_12":{"bw_firework_12":{"name":"bw_firework_12","width":316,"height":323}},"bw_firework_11":{"bw_firework_11":{"name":"bw_firework_11","width":316,"height":323}},"bw_firework_10":{"bw_firework_10":{"name":"bw_firework_10","width":316,"height":323}}}},"animations":{"newAnimation":{"slots":{"bw_firework_00":{"color":[{"time":0,"color":"FFFFFFFF"},{"time":0.0417,"color":"FFFFFFFF"},{"time":0.0834,"color":"FFFFFF00"}]},"bw_firework_01":{"color":[{"time":0,"color":"FFFFFF00"},{"time":0.0417,"color":"FFFFFF00"},{"time":0.0834,"color":"FFFFFFFF"},{"time":0.1251,"color":"FFFFFF00"}]},"bw_firework_02":{"color":[{"time":0,"color":"FFFFFF00"},{"time":0.0833,"color":"FFFFFF00"},{"time":0.125,"color":"FFFFFFFF"},{"time":0.1667,"color":"FFFFFF00"}]},"bw_firework_03":{"color":[{"time":0,"color":"FFFFFF00"},{"time":0.125,"color":"FFFFFF00"},{"time":0.1667,"color":"FFFFFFFF"},{"time":0.2084,"color":"FFFFFF00"}]},"bw_firework_04":{"color":[{"time":0,"color":"FFFFFF00"},{"time":0.1667,"color":"FFFFFF00"},{"time":0.2084,"color":"FFFFFFFF"},{"time":0.2501,"color":"FFFFFF00"}]},"bw_firework_05":{"color":[{"time":0,"color":"FFFFFF00"},{"time":0.2083,"color":"FFFFFF00"},{"time":0.25,"color":"FFFFFFFF"},{"time":0.2917,"color":"FFFFFF00"}]},"bw_firework_06":{"color":[{"time":0,"color":"FFFFFF00"},{"time":0.25,"color":"FFFFFF00"},{"time":0.2917,"color":"FFFFFFFF"},{"time":0.3334,"color":"FFFFFF00"}]},"bw_firework_07":{"color":[{"time":0,"color":"FFFFFF00"},{"time":0.2917,"color":"FFFFFF00"},{"time":0.3334,"color":"FFFFFFFF"},{"time":0.3751,"color":"FFFFFF00"}]},"bw_firework_08":{"color":[{"time":0,"color":"FFFFFF00"},{"time":0.3333,"color":"FFFFFF00"},{"time":0.375,"color":"FFFFFFFF"},{"time":0.4167,"color":"FFFFFF00"}]},"bw_firework_09":{"color":[{"time":0,"color":"FFFFFF00"},{"time":0.375,"color":"FFFFFF00"},{"time":0.4167,"color":"FFFFFFFF"},{"time":0.4584,"color":"FFFFFF00"}]},"bw_firework_10":{"color":[{"time":0,"color":"FFFFFF00"},{"time":0.4167,"color":"FFFFFF00"},{"time":0.4584,"color":"FFFFFFFF"},{"time":0.5001,"color":"FFFFFF00"}]},"bw_firework_11":{"color":[{"time":0,"color":"FFFFFF00"},{"time":0.4583,"color":"FFFFFF00"},{"time":0.5,"color":"FFFFFFFF"},{"time":0.5417,"color":"FFFFFF00"}]},"bw_firework_12":{"color":[{"time":0,"color":"FFFFFF00"},{"time":0.5,"color":"FFFFFF00"},{"time":0.5417,"color":"FFFFFFFF"},{"time":0.5834,"color":"FFFFFF00"}]},"bw_firework_13":{"color":[{"time":0,"color":"FFFFFF00"},{"time":0.5417,"color":"FFFFFF00"},{"time":0.5834,"color":"FFFFFFFF"},{"time":0.6251,"color":"FFFFFF00"}]},"bw_firework_14":{"color":[{"time":0,"color":"FFFFFF00"},{"time":0.5833,"color":"FFFFFF00"},{"time":0.625,"color":"FFFFFFFF"},{"time":0.6667,"color":"FFFFFF00"}]},"bw_firework_15":{"color":[{"time":0,"color":"FFFFFF00"},{"time":0.625,"color":"FFFFFF00"},{"time":0.6667,"color":"FFFFFFFF"},{"time":0.7084,"color":"FFFFFF00"}]},"bw_firework_16":{"color":[{"time":0,"color":"FFFFFF00"},{"time":0.6667,"color":"FFFFFF00"},{"time":0.7084,"color":"FFFFFFFF"},{"time":0.7501,"color":"FFFFFF00"}]},"bw_firework_17":{"color":[{"time":0,"color":"FFFFFF00"},{"time":0.7083,"color":"FFFFFF00"},{"time":0.75,"color":"FFFFFFFF"},{"time":0.7917,"color":"FFFFFF00"}]}}}}}