{"skeleton":{"width":180,"height":291,"fps":24,"hash":" ","name":"Armature"},"bones":[{"name":"root"}],"slots":[{"name":"torch_fire_00","bone":"root","attachment":"torch_fire_00"},{"name":"torch_fire_01","bone":"root","attachment":"torch_fire_01"},{"name":"torch_fire_02","bone":"root","attachment":"torch_fire_02"},{"name":"torch_fire_03","bone":"root","attachment":"torch_fire_03"},{"name":"torch_fire_04","bone":"root","attachment":"torch_fire_04"},{"name":"torch_fire_05","bone":"root","attachment":"torch_fire_05"},{"name":"torch_fire_06","bone":"root","attachment":"torch_fire_06"},{"name":"torch_fire_07","bone":"root","attachment":"torch_fire_07"},{"name":"torch_fire_08","bone":"root","attachment":"torch_fire_08"},{"name":"torch_fire_09","bone":"root","attachment":"torch_fire_09"},{"name":"torch_fire_10","bone":"root","attachment":"torch_fire_10"},{"name":"torch_fire_11","bone":"root","attachment":"torch_fire_11"},{"name":"torch_fire_12","bone":"root","attachment":"torch_fire_12"},{"name":"torch_fire_13","bone":"root","attachment":"torch_fire_13"},{"name":"torch_fire_14","bone":"root","attachment":"torch_fire_14"},{"name":"torch_fire_15","bone":"root","attachment":"torch_fire_15"},{"name":"torch_fire_16","bone":"root","attachment":"torch_fire_16"}],"skins":{"default":{"torch_fire_04":{"torch_fire_04":{"name":"torch_fire_04","width":180,"height":291}},"torch_fire_00":{"torch_fire_00":{"name":"torch_fire_00","width":180,"height":291}},"torch_fire_02":{"torch_fire_02":{"name":"torch_fire_02","width":180,"height":291}},"torch_fire_01":{"torch_fire_01":{"name":"torch_fire_01","width":180,"height":291}},"torch_fire_03":{"torch_fire_03":{"name":"torch_fire_03","width":180,"height":291}},"torch_fire_13":{"torch_fire_13":{"name":"torch_fire_13","width":180,"height":291}},"torch_fire_12":{"torch_fire_12":{"name":"torch_fire_12","width":180,"height":291}},"torch_fire_11":{"torch_fire_11":{"name":"torch_fire_11","width":180,"height":291}},"torch_fire_10":{"torch_fire_10":{"name":"torch_fire_10","width":180,"height":291}},"torch_fire_09":{"torch_fire_09":{"name":"torch_fire_09","width":180,"height":291}},"torch_fire_08":{"torch_fire_08":{"name":"torch_fire_08","width":180,"height":291}},"torch_fire_16":{"torch_fire_16":{"name":"torch_fire_16","width":180,"height":291}},"torch_fire_07":{"torch_fire_07":{"name":"torch_fire_07","width":180,"height":291}},"torch_fire_15":{"torch_fire_15":{"name":"torch_fire_15","width":180,"height":291}},"torch_fire_06":{"torch_fire_06":{"name":"torch_fire_06","width":180,"height":291}},"torch_fire_14":{"torch_fire_14":{"name":"torch_fire_14","width":180,"height":291}},"torch_fire_05":{"torch_fire_05":{"name":"torch_fire_05","width":180,"height":291}}}},"animations":{"newAnimation":{"slots":{"torch_fire_00":{"color":[{"time":0,"color":"FFFFFFFF"},{"time":0.0417,"color":"FFFFFFFF"},{"time":0.0834,"color":"FFFFFF00"}]},"torch_fire_01":{"color":[{"time":0,"color":"FFFFFF00"},{"time":0.0417,"color":"FFFFFF00"},{"time":0.0834,"color":"FFFFFFFF"},{"time":0.1251,"color":"FFFFFF00"}]},"torch_fire_02":{"color":[{"time":0,"color":"FFFFFF00"},{"time":0.0833,"color":"FFFFFF00"},{"time":0.125,"color":"FFFFFFFF"},{"time":0.1667,"color":"FFFFFF00"}]},"torch_fire_03":{"color":[{"time":0,"color":"FFFFFF00"},{"time":0.125,"color":"FFFFFF00"},{"time":0.1667,"color":"FFFFFFFF"},{"time":0.2084,"color":"FFFFFF00"}]},"torch_fire_04":{"color":[{"time":0,"color":"FFFFFF00"},{"time":0.1667,"color":"FFFFFF00"},{"time":0.2084,"color":"FFFFFFFF"},{"time":0.2501,"color":"FFFFFF00"}]},"torch_fire_05":{"color":[{"time":0,"color":"FFFFFF00"},{"time":0.2083,"color":"FFFFFF00"},{"time":0.25,"color":"FFFFFFFF"},{"time":0.2917,"color":"FFFFFF00"}]},"torch_fire_06":{"color":[{"time":0,"color":"FFFFFF00"},{"time":0.25,"color":"FFFFFF00"},{"time":0.2917,"color":"FFFFFFFF"},{"time":0.3334,"color":"FFFFFF00"}]},"torch_fire_07":{"color":[{"time":0,"color":"FFFFFF00"},{"time":0.2917,"color":"FFFFFF00"},{"time":0.3334,"color":"FFFFFFFF"},{"time":0.3751,"color":"FFFFFF00"}]},"torch_fire_08":{"color":[{"time":0,"color":"FFFFFF00"},{"time":0.3333,"color":"FFFFFF00"},{"time":0.375,"color":"FFFFFFFF"},{"time":0.4167,"color":"FFFFFF00"}]},"torch_fire_09":{"color":[{"time":0,"color":"FFFFFF00"},{"time":0.375,"color":"FFFFFF00"},{"time":0.4167,"color":"FFFFFFFF"},{"time":0.4584,"color":"FFFFFF00"}]},"torch_fire_10":{"color":[{"time":0,"color":"FFFFFF00"},{"time":0.4167,"color":"FFFFFF00"},{"time":0.4584,"color":"FFFFFFFF"},{"time":0.5001,"color":"FFFFFF00"}]},"torch_fire_11":{"color":[{"time":0,"color":"FFFFFF00"},{"time":0.4583,"color":"FFFFFF00"},{"time":0.5,"color":"FFFFFFFF"},{"time":0.5417,"color":"FFFFFF00"}]},"torch_fire_12":{"color":[{"time":0,"color":"FFFFFF00"},{"time":0.5,"color":"FFFFFF00"},{"time":0.5417,"color":"FFFFFFFF"},{"time":0.5834,"color":"FFFFFF00"}]},"torch_fire_13":{"color":[{"time":0,"color":"FFFFFF00"},{"time":0.5417,"color":"FFFFFF00"},{"time":0.5834,"color":"FFFFFFFF"},{"time":0.6251,"color":"FFFFFF00"}]},"torch_fire_14":{"color":[{"time":0,"color":"FFFFFF00"},{"time":0.5833,"color":"FFFFFF00"},{"time":0.625,"color":"FFFFFFFF"},{"time":0.6667,"color":"FFFFFF00"}]},"torch_fire_15":{"color":[{"time":0,"color":"FFFFFF00"},{"time":0.625,"color":"FFFFFF00"},{"time":0.6667,"color":"FFFFFFFF"},{"time":0.7084,"color":"FFFFFF00"}]},"torch_fire_16":{"color":[{"time":0,"color":"FFFFFF00"},{"time":0.6667,"color":"FFFFFF00"},{"time":0.7084,"color":"FFFFFFFF"},{"time":0.7501,"color":"FFFFFF00"}]}}}}}