{"skeleton":{"width":120,"height":40,"fps":24,"hash":" ","name":"Armature"},"bones":[{"name":"root"}],"slots":[{"name":"payline_a_01","bone":"root","attachment":"payline_a_01"},{"name":"payline_a_02","bone":"root","attachment":"payline_a_02"},{"name":"payline_a_03","bone":"root","attachment":"payline_a_03"},{"name":"payline_a_04","bone":"root","attachment":"payline_a_04"},{"name":"payline_a_05","bone":"root","attachment":"payline_a_05"},{"name":"payline_a_06","bone":"root","attachment":"payline_a_06"},{"name":"payline_a_07","bone":"root","attachment":"payline_a_07"},{"name":"payline_a_08","bone":"root","attachment":"payline_a_08"},{"name":"payline_a_09","bone":"root","attachment":"payline_a_09"},{"name":"payline_b_03","bone":"root","attachment":"payline_b_03"},{"name":"payline_b_04","bone":"root","attachment":"payline_b_04"},{"name":"payline_b_05","bone":"root","attachment":"payline_b_05"},{"name":"payline_b_06","bone":"root","attachment":"payline_b_06"},{"name":"payline_b_07","bone":"root","attachment":"payline_b_07"},{"name":"payline_b_08","bone":"root","attachment":"payline_b_08"},{"name":"payline_b_09","bone":"root","attachment":"payline_b_09"},{"name":"payline_b_10","bone":"root","attachment":"payline_b_10"},{"name":"payline_b_11","bone":"root","attachment":"payline_b_11"},{"name":"payline_b_12","bone":"root","attachment":"payline_b_12"},{"name":"payline_c_01","bone":"root","attachment":"payline_c_01"},{"name":"payline_c_02","bone":"root","attachment":"payline_c_02"},{"name":"payline_c_03","bone":"root","attachment":"payline_c_03"},{"name":"payline_c_04","bone":"root","attachment":"payline_c_04"},{"name":"payline_c_05","bone":"root","attachment":"payline_c_05"},{"name":"payline_c_06","bone":"root","attachment":"payline_c_06"},{"name":"payline_c_07","bone":"root","attachment":"payline_c_07"}],"skins":{"default":{"payline_c_06":{"payline_c_06":{"name":"payline_c_06","width":120,"height":40}},"payline_a_09":{"payline_a_09":{"name":"payline_a_09","width":120,"height":40}},"payline_a_02":{"payline_a_02":{"name":"payline_a_02","width":120,"height":40}},"payline_a_04":{"payline_a_04":{"name":"payline_a_04","width":120,"height":40}},"payline_a_06":{"payline_a_06":{"name":"payline_a_06","width":120,"height":40}},"payline_b_11":{"payline_b_11":{"name":"payline_b_11","width":120,"height":32}},"payline_c_01":{"payline_c_01":{"name":"payline_c_01","width":120,"height":40}},"payline_b_07":{"payline_b_07":{"name":"payline_b_07","width":120,"height":32}},"payline_c_07":{"payline_c_07":{"name":"payline_c_07","width":120,"height":40}},"payline_c_05":{"payline_c_05":{"name":"payline_c_05","width":120,"height":40}},"payline_b_09":{"payline_b_09":{"name":"payline_b_09","width":120,"height":32}},"payline_c_03":{"payline_c_03":{"name":"payline_c_03","width":120,"height":40}},"payline_a_08":{"payline_a_08":{"name":"payline_a_08","width":120,"height":40}},"payline_a_01":{"payline_a_01":{"name":"payline_a_01","width":120,"height":40}},"payline_b_03":{"payline_b_03":{"name":"payline_b_03","width":120,"height":32}},"payline_c_02":{"payline_c_02":{"name":"payline_c_02","width":120,"height":40}},"payline_b_05":{"payline_b_05":{"name":"payline_b_05","width":120,"height":32}},"payline_a_05":{"payline_a_05":{"name":"payline_a_05","width":120,"height":40}},"payline_a_07":{"payline_a_07":{"name":"payline_a_07","width":120,"height":40}},"payline_b_12":{"payline_b_12":{"name":"payline_b_12","width":120,"height":32}},"payline_b_04":{"payline_b_04":{"name":"payline_b_04","width":120,"height":32}},"payline_a_03":{"payline_a_03":{"name":"payline_a_03","width":120,"height":40}},"payline_b_06":{"payline_b_06":{"name":"payline_b_06","width":120,"height":32}},"payline_b_08":{"payline_b_08":{"name":"payline_b_08","width":120,"height":32}},"payline_c_04":{"payline_c_04":{"name":"payline_c_04","width":120,"height":40}},"payline_b_10":{"payline_b_10":{"name":"payline_b_10","width":120,"height":32}}}},"animations":{"newAnimation":{"slots":{"payline_a_01":{"color":[{"time":0,"color":"FFFFFFFF"},{"time":0.0417,"color":"FFFFFFFF"},{"time":0.0834,"color":"FFFFFF00"}]},"payline_a_02":{"color":[{"time":0,"color":"FFFFFF00"},{"time":0.0417,"color":"FFFFFF00"},{"time":0.0834,"color":"FFFFFFFF"},{"time":0.1251,"color":"FFFFFF00"}]},"payline_a_03":{"color":[{"time":0,"color":"FFFFFF00"},{"time":0.0833,"color":"FFFFFF00"},{"time":0.125,"color":"FFFFFFFF"},{"time":0.1667,"color":"FFFFFF00"}]},"payline_a_04":{"color":[{"time":0,"color":"FFFFFF00"},{"time":0.125,"color":"FFFFFF00"},{"time":0.1667,"color":"FFFFFFFF"},{"time":0.2084,"color":"FFFFFF00"}]},"payline_a_05":{"color":[{"time":0,"color":"FFFFFF00"},{"time":0.1667,"color":"FFFFFF00"},{"time":0.2084,"color":"FFFFFFFF"},{"time":0.2501,"color":"FFFFFF00"}]},"payline_a_06":{"color":[{"time":0,"color":"FFFFFF00"},{"time":0.2083,"color":"FFFFFF00"},{"time":0.25,"color":"FFFFFFFF"},{"time":0.2917,"color":"FFFFFF00"}]},"payline_a_07":{"color":[{"time":0,"color":"FFFFFF00"},{"time":0.25,"color":"FFFFFF00"},{"time":0.2917,"color":"FFFFFFFF"},{"time":0.3334,"color":"FFFFFF00"}]},"payline_a_08":{"color":[{"time":0,"color":"FFFFFF00"},{"time":0.2917,"color":"FFFFFF00"},{"time":0.3334,"color":"FFFFFFFF"},{"time":0.3751,"color":"FFFFFF00"}]},"payline_a_09":{"color":[{"time":0,"color":"FFFFFF00"},{"time":0.3333,"color":"FFFFFF00"},{"time":0.375,"color":"FFFFFFFF"},{"time":0.4167,"color":"FFFFFF00"}]},"payline_b_03":{"color":[{"time":0,"color":"FFFFFF00"},{"time":0.375,"color":"FFFFFF00"},{"time":0.4167,"color":"FFFFFFFF"},{"time":0.4584,"color":"FFFFFF00"}]},"payline_b_04":{"color":[{"time":0,"color":"FFFFFF00"},{"time":0.4167,"color":"FFFFFF00"},{"time":0.4584,"color":"FFFFFFFF"},{"time":0.5001,"color":"FFFFFF00"}]},"payline_b_05":{"color":[{"time":0,"color":"FFFFFF00"},{"time":0.4583,"color":"FFFFFF00"},{"time":0.5,"color":"FFFFFFFF"},{"time":0.5417,"color":"FFFFFF00"}]},"payline_b_06":{"color":[{"time":0,"color":"FFFFFF00"},{"time":0.5,"color":"FFFFFF00"},{"time":0.5417,"color":"FFFFFFFF"},{"time":0.5834,"color":"FFFFFF00"}]},"payline_b_07":{"color":[{"time":0,"color":"FFFFFF00"},{"time":0.5417,"color":"FFFFFF00"},{"time":0.5834,"color":"FFFFFFFF"},{"time":0.6251,"color":"FFFFFF00"}]},"payline_b_08":{"color":[{"time":0,"color":"FFFFFF00"},{"time":0.5833,"color":"FFFFFF00"},{"time":0.625,"color":"FFFFFFFF"},{"time":0.6667,"color":"FFFFFF00"}]},"payline_b_09":{"color":[{"time":0,"color":"FFFFFF00"},{"time":0.625,"color":"FFFFFF00"},{"time":0.6667,"color":"FFFFFFFF"},{"time":0.7084,"color":"FFFFFF00"}]},"payline_b_10":{"color":[{"time":0,"color":"FFFFFF00"},{"time":0.6667,"color":"FFFFFF00"},{"time":0.7084,"color":"FFFFFFFF"},{"time":0.7501,"color":"FFFFFF00"}]},"payline_b_11":{"color":[{"time":0,"color":"FFFFFF00"},{"time":0.7083,"color":"FFFFFF00"},{"time":0.75,"color":"FFFFFFFF"},{"time":0.7917,"color":"FFFFFF00"}]},"payline_b_12":{"color":[{"time":0,"color":"FFFFFF00"},{"time":0.75,"color":"FFFFFF00"},{"time":0.7917,"color":"FFFFFFFF"},{"time":0.8334,"color":"FFFFFF00"}]},"payline_c_01":{"color":[{"time":0,"color":"FFFFFF00"},{"time":0.7917,"color":"FFFFFF00"},{"time":0.8334,"color":"FFFFFFFF"},{"time":0.8751,"color":"FFFFFF00"}]},"payline_c_02":{"color":[{"time":0,"color":"FFFFFF00"},{"time":0.8333,"color":"FFFFFF00"},{"time":0.875,"color":"FFFFFFFF"},{"time":0.9167,"color":"FFFFFF00"}]},"payline_c_03":{"color":[{"time":0,"color":"FFFFFF00"},{"time":0.875,"color":"FFFFFF00"},{"time":0.9167,"color":"FFFFFFFF"},{"time":0.9584,"color":"FFFFFF00"}]},"payline_c_04":{"color":[{"time":0,"color":"FFFFFF00"},{"time":0.9167,"color":"FFFFFF00"},{"time":0.9584,"color":"FFFFFFFF"},{"time":1.0001,"color":"FFFFFF00"}]},"payline_c_05":{"color":[{"time":0,"color":"FFFFFF00"},{"time":0.9583,"color":"FFFFFF00"},{"time":1,"color":"FFFFFFFF"},{"time":1.0417,"color":"FFFFFF00"}]},"payline_c_06":{"color":[{"time":0,"color":"FFFFFF00"},{"time":1,"color":"FFFFFF00"},{"time":1.0417,"color":"FFFFFFFF"},{"time":1.0834,"color":"FFFFFF00"}]},"payline_c_07":{"color":[{"time":0,"color":"FFFFFF00"},{"time":1.0417,"color":"FFFFFF00"},{"time":1.0834,"color":"FFFFFFFF"},{"time":1.1251,"color":"FFFFFF00"}]}}}}}