{"skeleton":{"width":309,"height":171,"fps":24,"hash":" ","name":"Armature"},"bones":[{"name":"root"}],"slots":[{"name":"infobar_glow_b_00","bone":"root","attachment":"infobar_glow_b_00"},{"name":"infobar_glow_b_01","bone":"root","attachment":"infobar_glow_b_01"},{"name":"infobar_glow_b_02","bone":"root","attachment":"infobar_glow_b_02"},{"name":"infobar_glow_b_03","bone":"root","attachment":"infobar_glow_b_03"},{"name":"infobar_glow_b_04","bone":"root","attachment":"infobar_glow_b_04"},{"name":"infobar_glow_b_05","bone":"root","attachment":"infobar_glow_b_05"},{"name":"infobar_glow_b_06","bone":"root","attachment":"infobar_glow_b_06"},{"name":"infobar_glow_b_07","bone":"root","attachment":"infobar_glow_b_07"},{"name":"infobar_glow_b_08","bone":"root","attachment":"infobar_glow_b_08"},{"name":"infobar_glow_b_09","bone":"root","attachment":"infobar_glow_b_09"},{"name":"infobar_glow_b_10","bone":"root","attachment":"infobar_glow_b_10"},{"name":"infobar_glow_b_11","bone":"root","attachment":"infobar_glow_b_11"},{"name":"infobar_glow_b_12","bone":"root","attachment":"infobar_glow_b_12"},{"name":"infobar_glow_b_13","bone":"root","attachment":"infobar_glow_b_13"},{"name":"infobar_glow_b_14","bone":"root","attachment":"infobar_glow_b_14"},{"name":"infobar_glow_b_15","bone":"root","attachment":"infobar_glow_b_15"},{"name":"infobar_glow_b_16","bone":"root","attachment":"infobar_glow_b_16"}],"skins":{"default":{"infobar_glow_b_02":{"infobar_glow_b_02":{"name":"infobar_glow_b_02","width":309,"height":171}},"infobar_glow_b_05":{"infobar_glow_b_05":{"name":"infobar_glow_b_05","width":309,"height":171}},"infobar_glow_b_16":{"infobar_glow_b_16":{"name":"infobar_glow_b_16","width":309,"height":171}},"infobar_glow_b_15":{"infobar_glow_b_15":{"name":"infobar_glow_b_15","width":309,"height":171}},"infobar_glow_b_14":{"infobar_glow_b_14":{"name":"infobar_glow_b_14","width":309,"height":171}},"infobar_glow_b_13":{"infobar_glow_b_13":{"name":"infobar_glow_b_13","width":309,"height":171}},"infobar_glow_b_12":{"infobar_glow_b_12":{"name":"infobar_glow_b_12","width":309,"height":171}},"infobar_glow_b_11":{"infobar_glow_b_11":{"name":"infobar_glow_b_11","width":309,"height":171}},"infobar_glow_b_00":{"infobar_glow_b_00":{"name":"infobar_glow_b_00","width":309,"height":171}},"infobar_glow_b_10":{"infobar_glow_b_10":{"name":"infobar_glow_b_10","width":309,"height":171}},"infobar_glow_b_09":{"infobar_glow_b_09":{"name":"infobar_glow_b_09","width":309,"height":171}},"infobar_glow_b_08":{"infobar_glow_b_08":{"name":"infobar_glow_b_08","width":309,"height":171}},"infobar_glow_b_07":{"infobar_glow_b_07":{"name":"infobar_glow_b_07","width":309,"height":171}},"infobar_glow_b_06":{"infobar_glow_b_06":{"name":"infobar_glow_b_06","width":309,"height":171}},"infobar_glow_b_01":{"infobar_glow_b_01":{"name":"infobar_glow_b_01","width":309,"height":171}},"infobar_glow_b_04":{"infobar_glow_b_04":{"name":"infobar_glow_b_04","width":309,"height":171}},"infobar_glow_b_03":{"infobar_glow_b_03":{"name":"infobar_glow_b_03","width":309,"height":171}}}},"animations":{"newAnimation":{"slots":{"infobar_glow_b_00":{"color":[{"time":0,"color":"FFFFFFFF"},{"time":0.0417,"color":"FFFFFFFF"},{"time":0.0834,"color":"FFFFFF00"}]},"infobar_glow_b_01":{"color":[{"time":0,"color":"FFFFFF00"},{"time":0.0417,"color":"FFFFFF00"},{"time":0.0834,"color":"FFFFFFFF"},{"time":0.1251,"color":"FFFFFF00"}]},"infobar_glow_b_02":{"color":[{"time":0,"color":"FFFFFF00"},{"time":0.0833,"color":"FFFFFF00"},{"time":0.125,"color":"FFFFFFFF"},{"time":0.1667,"color":"FFFFFF00"}]},"infobar_glow_b_03":{"color":[{"time":0,"color":"FFFFFF00"},{"time":0.125,"color":"FFFFFF00"},{"time":0.1667,"color":"FFFFFFFF"},{"time":0.2084,"color":"FFFFFF00"}]},"infobar_glow_b_04":{"color":[{"time":0,"color":"FFFFFF00"},{"time":0.1667,"color":"FFFFFF00"},{"time":0.2084,"color":"FFFFFFFF"},{"time":0.2501,"color":"FFFFFF00"}]},"infobar_glow_b_05":{"color":[{"time":0,"color":"FFFFFF00"},{"time":0.2083,"color":"FFFFFF00"},{"time":0.25,"color":"FFFFFFFF"},{"time":0.2917,"color":"FFFFFF00"}]},"infobar_glow_b_06":{"color":[{"time":0,"color":"FFFFFF00"},{"time":0.25,"color":"FFFFFF00"},{"time":0.2917,"color":"FFFFFFFF"},{"time":0.3334,"color":"FFFFFF00"}]},"infobar_glow_b_07":{"color":[{"time":0,"color":"FFFFFF00"},{"time":0.2917,"color":"FFFFFF00"},{"time":0.3334,"color":"FFFFFFFF"},{"time":0.3751,"color":"FFFFFF00"}]},"infobar_glow_b_08":{"color":[{"time":0,"color":"FFFFFF00"},{"time":0.3333,"color":"FFFFFF00"},{"time":0.375,"color":"FFFFFFFF"},{"time":0.4167,"color":"FFFFFF00"}]},"infobar_glow_b_09":{"color":[{"time":0,"color":"FFFFFF00"},{"time":0.375,"color":"FFFFFF00"},{"time":0.4167,"color":"FFFFFFFF"},{"time":0.4584,"color":"FFFFFF00"}]},"infobar_glow_b_10":{"color":[{"time":0,"color":"FFFFFF00"},{"time":0.4167,"color":"FFFFFF00"},{"time":0.4584,"color":"FFFFFFFF"},{"time":0.5001,"color":"FFFFFF00"}]},"infobar_glow_b_11":{"color":[{"time":0,"color":"FFFFFF00"},{"time":0.4583,"color":"FFFFFF00"},{"time":0.5,"color":"FFFFFFFF"},{"time":0.5417,"color":"FFFFFF00"}]},"infobar_glow_b_12":{"color":[{"time":0,"color":"FFFFFF00"},{"time":0.5,"color":"FFFFFF00"},{"time":0.5417,"color":"FFFFFFFF"},{"time":0.5834,"color":"FFFFFF00"}]},"infobar_glow_b_13":{"color":[{"time":0,"color":"FFFFFF00"},{"time":0.5417,"color":"FFFFFF00"},{"time":0.5834,"color":"FFFFFFFF"},{"time":0.6251,"color":"FFFFFF00"}]},"infobar_glow_b_14":{"color":[{"time":0,"color":"FFFFFF00"},{"time":0.5833,"color":"FFFFFF00"},{"time":0.625,"color":"FFFFFFFF"},{"time":0.6667,"color":"FFFFFF00"}]},"infobar_glow_b_15":{"color":[{"time":0,"color":"FFFFFF00"},{"time":0.625,"color":"FFFFFF00"},{"time":0.6667,"color":"FFFFFFFF"},{"time":0.7084,"color":"FFFFFF00"}]},"infobar_glow_b_16":{"color":[{"time":0,"color":"FFFFFF00"},{"time":0.6667,"color":"FFFFFF00"},{"time":0.7084,"color":"FFFFFFFF"},{"time":0.7501,"color":"FFFFFF00"}]}}}}}