{"skeleton":{"width":136,"height":137,"fps":24,"hash":" ","name":"Armature"},"bones":[{"name":"root"}],"slots":[{"name":"infobar_coin_00","bone":"root","attachment":"infobar_coin_00"},{"name":"infobar_coin_01","bone":"root","attachment":"infobar_coin_01"},{"name":"infobar_coin_02","bone":"root","attachment":"infobar_coin_02"},{"name":"infobar_coin_03","bone":"root","attachment":"infobar_coin_03"},{"name":"infobar_coin_04","bone":"root","attachment":"infobar_coin_04"},{"name":"infobar_coin_05","bone":"root","attachment":"infobar_coin_05"},{"name":"infobar_coin_06","bone":"root","attachment":"infobar_coin_06"},{"name":"infobar_coin_07","bone":"root","attachment":"infobar_coin_07"}],"skins":{"default":{"infobar_coin_07":{"infobar_coin_07":{"name":"infobar_coin_07","width":136,"height":134,"x":1,"y":-3}},"infobar_coin_00":{"infobar_coin_00":{"name":"infobar_coin_00","width":136,"height":136,"x":1,"y":-1}},"infobar_coin_01":{"infobar_coin_01":{"name":"infobar_coin_01","width":135,"height":136,"x":1.5,"y":-2}},"infobar_coin_05":{"infobar_coin_05":{"name":"infobar_coin_05","width":132,"height":104,"x":2,"y":-4}},"infobar_coin_06":{"infobar_coin_06":{"name":"infobar_coin_06","width":135,"height":125,"x":1.5,"y":-4.5}},"infobar_coin_04":{"infobar_coin_04":{"name":"infobar_coin_04","width":130,"height":97,"x":1,"y":-1.5}},"infobar_coin_02":{"infobar_coin_02":{"name":"infobar_coin_02","width":135,"height":125,"x":0.5,"y":0.5}},"infobar_coin_03":{"infobar_coin_03":{"name":"infobar_coin_03","width":133,"height":111,"x":0.5,"y":0.5}}}},"animations":{"newAnimation":{"slots":{"infobar_coin_00":{"color":[{"time":0,"color":"FFFFFFFF"},{"time":0.0417,"color":"FFFFFFFF"},{"time":0.0834,"color":"FFFFFF00"}]},"infobar_coin_01":{"color":[{"time":0,"color":"FFFFFF00"},{"time":0.0417,"color":"FFFFFF00"},{"time":0.0834,"color":"FFFFFFFF"},{"time":0.1251,"color":"FFFFFF00"}]},"infobar_coin_02":{"color":[{"time":0,"color":"FFFFFF00"},{"time":0.0833,"color":"FFFFFF00"},{"time":0.125,"color":"FFFFFFFF"},{"time":0.1667,"color":"FFFFFF00"}]},"infobar_coin_03":{"color":[{"time":0,"color":"FFFFFF00"},{"time":0.125,"color":"FFFFFF00"},{"time":0.1667,"color":"FFFFFFFF"},{"time":0.2084,"color":"FFFFFF00"}]},"infobar_coin_04":{"color":[{"time":0,"color":"FFFFFF00"},{"time":0.1667,"color":"FFFFFF00"},{"time":0.2084,"color":"FFFFFFFF"},{"time":0.2501,"color":"FFFFFF00"}]},"infobar_coin_05":{"color":[{"time":0,"color":"FFFFFF00"},{"time":0.2083,"color":"FFFFFF00"},{"time":0.25,"color":"FFFFFFFF"},{"time":0.2917,"color":"FFFFFF00"}]},"infobar_coin_06":{"color":[{"time":0,"color":"FFFFFF00"},{"time":0.25,"color":"FFFFFF00"},{"time":0.2917,"color":"FFFFFFFF"},{"time":0.3334,"color":"FFFFFF00"}]},"infobar_coin_07":{"color":[{"time":0,"color":"FFFFFF00"},{"time":0.2917,"color":"FFFFFF00"},{"time":0.3334,"color":"FFFFFFFF"},{"time":0.3751,"color":"FFFFFF00"}]}}}}}