{"skeleton":{"width":202,"height":210,"fps":24,"hash":" ","name":"Armature"},"bones":[{"name":"root"}],"slots":[{"name":"spin_back_glow_00","bone":"root","attachment":"spin_back_glow_00"},{"name":"spin_back_glow_01","bone":"root","attachment":"spin_back_glow_01"},{"name":"spin_back_glow_02","bone":"root","attachment":"spin_back_glow_02"},{"name":"spin_back_glow_03","bone":"root","attachment":"spin_back_glow_03"},{"name":"spin_back_glow_04","bone":"root","attachment":"spin_back_glow_04"},{"name":"spin_back_glow_05","bone":"root","attachment":"spin_back_glow_05"},{"name":"spin_back_glow_06","bone":"root","attachment":"spin_back_glow_06"},{"name":"spin_back_glow_07","bone":"root","attachment":"spin_back_glow_07"},{"name":"spin_back_glow_08","bone":"root","attachment":"spin_back_glow_08"},{"name":"spin_back_glow_09","bone":"root","attachment":"spin_back_glow_09"}],"skins":{"default":{"spin_back_glow_07":{"spin_back_glow_07":{"name":"spin_back_glow_07","width":199,"height":207,"x":-2,"y":-8}},"spin_back_glow_08":{"spin_back_glow_08":{"name":"spin_back_glow_08","width":200,"height":203,"x":-2.5,"y":-10}},"spin_back_glow_05":{"spin_back_glow_05":{"name":"spin_back_glow_05","width":194,"height":202,"x":-4.5,"y":-2.5}},"spin_back_glow_00":{"spin_back_glow_00":{"name":"spin_back_glow_00","width":53,"height":56,"x":-4,"y":-10.5}},"spin_back_glow_06":{"spin_back_glow_06":{"name":"spin_back_glow_06","width":199,"height":207,"x":-5,"y":-6}},"spin_back_glow_01":{"spin_back_glow_01":{"name":"spin_back_glow_01","width":114,"height":112,"x":-4.5,"y":-13.5}},"spin_back_glow_04":{"spin_back_glow_04":{"name":"spin_back_glow_04","width":196,"height":191,"x":-1.5,"y":1}},"spin_back_glow_02":{"spin_back_glow_02":{"name":"spin_back_glow_02","width":175,"height":166,"x":3,"y":-4.5}},"spin_back_glow_09":{"spin_back_glow_09":{"name":"spin_back_glow_09","width":181,"height":129,"x":6,"y":14}},"spin_back_glow_03":{"spin_back_glow_03":{"name":"spin_back_glow_03","width":187,"height":179,"y":-1}}}},"animations":{"newAnimation":{"slots":{"spin_back_glow_00":{"color":[{"time":0,"color":"FFFFFFFF"},{"time":0.0417,"color":"FFFFFFFF"},{"time":0.0834,"color":"FFFFFF00"}]},"spin_back_glow_01":{"color":[{"time":0,"color":"FFFFFF00"},{"time":0.0417,"color":"FFFFFF00"},{"time":0.0834,"color":"FFFFFFFF"},{"time":0.1251,"color":"FFFFFF00"}]},"spin_back_glow_02":{"color":[{"time":0,"color":"FFFFFF00"},{"time":0.0833,"color":"FFFFFF00"},{"time":0.125,"color":"FFFFFFFF"},{"time":0.1667,"color":"FFFFFF00"}]},"spin_back_glow_03":{"color":[{"time":0,"color":"FFFFFF00"},{"time":0.125,"color":"FFFFFF00"},{"time":0.1667,"color":"FFFFFFFF"},{"time":0.2084,"color":"FFFFFF00"}]},"spin_back_glow_04":{"color":[{"time":0,"color":"FFFFFF00"},{"time":0.1667,"color":"FFFFFF00"},{"time":0.2084,"color":"FFFFFFFF"},{"time":0.2501,"color":"FFFFFF00"}]},"spin_back_glow_05":{"color":[{"time":0,"color":"FFFFFF00"},{"time":0.2083,"color":"FFFFFF00"},{"time":0.25,"color":"FFFFFFFF"},{"time":0.2917,"color":"FFFFFF00"}]},"spin_back_glow_06":{"color":[{"time":0,"color":"FFFFFF00"},{"time":0.25,"color":"FFFFFF00"},{"time":0.2917,"color":"FFFFFFFF"},{"time":0.3334,"color":"FFFFFF00"}]},"spin_back_glow_07":{"color":[{"time":0,"color":"FFFFFF00"},{"time":0.2917,"color":"FFFFFF00"},{"time":0.3334,"color":"FFFFFFFF"},{"time":0.3751,"color":"FFFFFF00"}]},"spin_back_glow_08":{"color":[{"time":0,"color":"FFFFFF00"},{"time":0.3333,"color":"FFFFFF00"},{"time":0.375,"color":"FFFFFFFF"},{"time":0.4167,"color":"FFFFFF00"}]},"spin_back_glow_09":{"color":[{"time":0,"color":"FFFFFF00"},{"time":0.375,"color":"FFFFFF00"},{"time":0.4167,"color":"FFFFFFFF"},{"time":0.4584,"color":"FFFFFF00"}]}}}}}