{"skeleton":{"width":186,"height":331,"fps":24,"hash":" ","name":"Armature"},"bones":[{"name":"root"}],"slots":[{"name":"fs_shine_00","bone":"root","attachment":"fs_shine_00"},{"name":"fs_shine_01","bone":"root","attachment":"fs_shine_01"},{"name":"fs_shine_02","bone":"root","attachment":"fs_shine_02"},{"name":"fs_shine_03","bone":"root","attachment":"fs_shine_03"},{"name":"fs_shine_04","bone":"root","attachment":"fs_shine_04"},{"name":"fs_shine_05","bone":"root","attachment":"fs_shine_05"},{"name":"fs_shine_06","bone":"root","attachment":"fs_shine_06"},{"name":"fs_shine_07","bone":"root","attachment":"fs_shine_07"},{"name":"fs_shine_08","bone":"root","attachment":"fs_shine_08"},{"name":"fs_shine_09","bone":"root","attachment":"fs_shine_09"}],"skins":{"default":{"fs_shine_04":{"fs_shine_04":{"name":"fs_shine_04","width":186,"height":331}},"fs_shine_05":{"fs_shine_05":{"name":"fs_shine_05","width":186,"height":331}},"fs_shine_00":{"fs_shine_00":{"name":"fs_shine_00","width":186,"height":331}},"fs_shine_02":{"fs_shine_02":{"name":"fs_shine_02","width":186,"height":331}},"fs_shine_06":{"fs_shine_06":{"name":"fs_shine_06","width":186,"height":331}},"fs_shine_09":{"fs_shine_09":{"name":"fs_shine_09","width":186,"height":331}},"fs_shine_08":{"fs_shine_08":{"name":"fs_shine_08","width":186,"height":331}},"fs_shine_07":{"fs_shine_07":{"name":"fs_shine_07","width":186,"height":331}},"fs_shine_03":{"fs_shine_03":{"name":"fs_shine_03","width":186,"height":331}},"fs_shine_01":{"fs_shine_01":{"name":"fs_shine_01","width":186,"height":331}}}},"animations":{"newAnimation":{"slots":{"fs_shine_00":{"color":[{"time":0,"color":"FFFFFFFF"},{"time":0.0417,"color":"FFFFFFFF"},{"time":0.0834,"color":"FFFFFF00"},{"time":0.4584,"color":"FFFFFFFF"}]},"fs_shine_01":{"color":[{"time":0,"color":"FFFFFF00"},{"time":0.0417,"color":"FFFFFF00"},{"time":0.0834,"color":"FFFFFFFF"},{"time":0.1251,"color":"FFFFFF00"}]},"fs_shine_02":{"color":[{"time":0,"color":"FFFFFF00"},{"time":0.0833,"color":"FFFFFF00"},{"time":0.125,"color":"FFFFFFFF"},{"time":0.1667,"color":"FFFFFF00"}]},"fs_shine_03":{"color":[{"time":0,"color":"FFFFFF00"},{"time":0.125,"color":"FFFFFF00"},{"time":0.1667,"color":"FFFFFFFF"},{"time":0.2084,"color":"FFFFFF00"}]},"fs_shine_04":{"color":[{"time":0,"color":"FFFFFF00"},{"time":0.1667,"color":"FFFFFF00"},{"time":0.2084,"color":"FFFFFFFF"},{"time":0.2501,"color":"FFFFFF00"}]},"fs_shine_05":{"color":[{"time":0,"color":"FFFFFF00"},{"time":0.2083,"color":"FFFFFF00"},{"time":0.25,"color":"FFFFFFFF"},{"time":0.2917,"color":"FFFFFF00"}]},"fs_shine_06":{"color":[{"time":0,"color":"FFFFFF00"},{"time":0.25,"color":"FFFFFF00"},{"time":0.2917,"color":"FFFFFFFF"},{"time":0.3334,"color":"FFFFFF00"}]},"fs_shine_07":{"color":[{"time":0,"color":"FFFFFF00"},{"time":0.2917,"color":"FFFFFF00"},{"time":0.3334,"color":"FFFFFFFF"},{"time":0.3751,"color":"FFFFFF00"}]},"fs_shine_08":{"color":[{"time":0,"color":"FFFFFF00"},{"time":0.3333,"color":"FFFFFF00"},{"time":0.375,"color":"FFFFFFFF"},{"time":0.4167,"color":"FFFFFF00"}]},"fs_shine_09":{"color":[{"time":0,"color":"FFFFFF00"},{"time":0.375,"color":"FFFFFF00"},{"time":0.4167,"color":"FFFFFFFF"},{"time":0.4584,"color":"FFFFFF00"}]}}}}}