{"skeleton":{"width":249,"height":263,"fps":24,"hash":" ","name":"Armature"},"bones":[{"name":"root"}],"slots":[{"name":"spin_front_particle_00","bone":"root","attachment":"spin_front_particle_00"},{"name":"spin_front_particle_01","bone":"root","attachment":"spin_front_particle_01"},{"name":"spin_front_particle_02","bone":"root","attachment":"spin_front_particle_02"},{"name":"spin_front_particle_03","bone":"root","attachment":"spin_front_particle_03"},{"name":"spin_front_particle_04","bone":"root","attachment":"spin_front_particle_04"},{"name":"spin_front_particle_05","bone":"root","attachment":"spin_front_particle_05"},{"name":"spin_front_particle_06","bone":"root","attachment":"spin_front_particle_06"},{"name":"spin_front_particle_07","bone":"root","attachment":"spin_front_particle_07"},{"name":"spin_front_particle_08","bone":"root","attachment":"spin_front_particle_08"},{"name":"spin_front_particle_09","bone":"root","attachment":"spin_front_particle_09"},{"name":"spin_front_particle_10","bone":"root","attachment":"spin_front_particle_10"},{"name":"spin_front_particle_11","bone":"root","attachment":"spin_front_particle_11"},{"name":"spin_front_particle_12","bone":"root","attachment":"spin_front_particle_12"},{"name":"spin_front_particle_13","bone":"root","attachment":"spin_front_particle_13"},{"name":"spin_front_particle_14","bone":"root","attachment":"spin_front_particle_14"},{"name":"spin_front_particle_15","bone":"root","attachment":"spin_front_particle_15"},{"name":"spin_front_particle_16","bone":"root","attachment":"spin_front_particle_16"},{"name":"spin_front_particle_17","bone":"root","attachment":"spin_front_particle_17"},{"name":"spin_front_particle_18","bone":"root","attachment":"spin_front_particle_18"}],"skins":{"default":{"spin_front_particle_16":{"spin_front_particle_16":{"name":"spin_front_particle_16","width":249,"height":263}},"spin_front_particle_15":{"spin_front_particle_15":{"name":"spin_front_particle_15","width":249,"height":263}},"spin_front_particle_14":{"spin_front_particle_14":{"name":"spin_front_particle_14","width":249,"height":263}},"spin_front_particle_13":{"spin_front_particle_13":{"name":"spin_front_particle_13","width":249,"height":263}},"spin_front_particle_12":{"spin_front_particle_12":{"name":"spin_front_particle_12","width":249,"height":263}},"spin_front_particle_11":{"spin_front_particle_11":{"name":"spin_front_particle_11","width":249,"height":263}},"spin_front_particle_10":{"spin_front_particle_10":{"name":"spin_front_particle_10","width":249,"height":263}},"spin_front_particle_18":{"spin_front_particle_18":{"name":"spin_front_particle_18","width":249,"height":263}},"spin_front_particle_09":{"spin_front_particle_09":{"name":"spin_front_particle_09","width":249,"height":263}},"spin_front_particle_17":{"spin_front_particle_17":{"name":"spin_front_particle_17","width":249,"height":263}},"spin_front_particle_08":{"spin_front_particle_08":{"name":"spin_front_particle_08","width":249,"height":263}},"spin_front_particle_00":{"spin_front_particle_00":{"name":"spin_front_particle_00","width":249,"height":263}},"spin_front_particle_07":{"spin_front_particle_07":{"name":"spin_front_particle_07","width":249,"height":263}},"spin_front_particle_06":{"spin_front_particle_06":{"name":"spin_front_particle_06","width":249,"height":263}},"spin_front_particle_05":{"spin_front_particle_05":{"name":"spin_front_particle_05","width":249,"height":263}},"spin_front_particle_04":{"spin_front_particle_04":{"name":"spin_front_particle_04","width":249,"height":263}},"spin_front_particle_03":{"spin_front_particle_03":{"name":"spin_front_particle_03","width":249,"height":263}},"spin_front_particle_02":{"spin_front_particle_02":{"name":"spin_front_particle_02","width":249,"height":263}},"spin_front_particle_01":{"spin_front_particle_01":{"name":"spin_front_particle_01","width":249,"height":263}}}},"animations":{"newAnimation":{"slots":{"spin_front_particle_00":{"color":[{"time":0,"color":"FFFFFFFF"},{"time":0.0417,"color":"FFFFFFFF"},{"time":0.0834,"color":"FFFFFF00"}]},"spin_front_particle_01":{"color":[{"time":0,"color":"FFFFFF00"},{"time":0.0417,"color":"FFFFFF00"},{"time":0.0834,"color":"FFFFFFFF"},{"time":0.1251,"color":"FFFFFF00"}]},"spin_front_particle_02":{"color":[{"time":0,"color":"FFFFFF00"},{"time":0.0833,"color":"FFFFFF00"},{"time":0.125,"color":"FFFFFFFF"},{"time":0.1667,"color":"FFFFFF00"}]},"spin_front_particle_03":{"color":[{"time":0,"color":"FFFFFF00"},{"time":0.125,"color":"FFFFFF00"},{"time":0.1667,"color":"FFFFFFFF"},{"time":0.2084,"color":"FFFFFF00"}]},"spin_front_particle_04":{"color":[{"time":0,"color":"FFFFFF00"},{"time":0.1667,"color":"FFFFFF00"},{"time":0.2084,"color":"FFFFFFFF"},{"time":0.2501,"color":"FFFFFF00"}]},"spin_front_particle_05":{"color":[{"time":0,"color":"FFFFFF00"},{"time":0.2083,"color":"FFFFFF00"},{"time":0.25,"color":"FFFFFFFF"},{"time":0.2917,"color":"FFFFFF00"}]},"spin_front_particle_06":{"color":[{"time":0,"color":"FFFFFF00"},{"time":0.25,"color":"FFFFFF00"},{"time":0.2917,"color":"FFFFFFFF"},{"time":0.3334,"color":"FFFFFF00"}]},"spin_front_particle_07":{"color":[{"time":0,"color":"FFFFFF00"},{"time":0.2917,"color":"FFFFFF00"},{"time":0.3334,"color":"FFFFFFFF"},{"time":0.3751,"color":"FFFFFF00"}]},"spin_front_particle_08":{"color":[{"time":0,"color":"FFFFFF00"},{"time":0.3333,"color":"FFFFFF00"},{"time":0.375,"color":"FFFFFFFF"},{"time":0.4167,"color":"FFFFFF00"}]},"spin_front_particle_09":{"color":[{"time":0,"color":"FFFFFF00"},{"time":0.375,"color":"FFFFFF00"},{"time":0.4167,"color":"FFFFFFFF"},{"time":0.4584,"color":"FFFFFF00"}]},"spin_front_particle_10":{"color":[{"time":0,"color":"FFFFFF00"},{"time":0.4167,"color":"FFFFFF00"},{"time":0.4584,"color":"FFFFFFFF"},{"time":0.5001,"color":"FFFFFF00"}]},"spin_front_particle_11":{"color":[{"time":0,"color":"FFFFFF00"},{"time":0.4583,"color":"FFFFFF00"},{"time":0.5,"color":"FFFFFFFF"},{"time":0.5417,"color":"FFFFFF00"}]},"spin_front_particle_12":{"color":[{"time":0,"color":"FFFFFF00"},{"time":0.5,"color":"FFFFFF00"},{"time":0.5417,"color":"FFFFFFFF"},{"time":0.5834,"color":"FFFFFF00"}]},"spin_front_particle_13":{"color":[{"time":0,"color":"FFFFFF00"},{"time":0.5417,"color":"FFFFFF00"},{"time":0.5834,"color":"FFFFFFFF"},{"time":0.6251,"color":"FFFFFF00"}]},"spin_front_particle_14":{"color":[{"time":0,"color":"FFFFFF00"},{"time":0.5833,"color":"FFFFFF00"},{"time":0.625,"color":"FFFFFFFF"},{"time":0.6667,"color":"FFFFFF00"}]},"spin_front_particle_15":{"color":[{"time":0,"color":"FFFFFF00"},{"time":0.625,"color":"FFFFFF00"},{"time":0.6667,"color":"FFFFFFFF"},{"time":0.7084,"color":"FFFFFF00"}]},"spin_front_particle_16":{"color":[{"time":0,"color":"FFFFFF00"},{"time":0.6667,"color":"FFFFFF00"},{"time":0.7084,"color":"FFFFFFFF"},{"time":0.7501,"color":"FFFFFF00"}]},"spin_front_particle_17":{"color":[{"time":0,"color":"FFFFFF00"},{"time":0.7083,"color":"FFFFFF00"},{"time":0.75,"color":"FFFFFFFF"},{"time":0.7917,"color":"FFFFFF00"}]},"spin_front_particle_18":{"color":[{"time":0,"color":"FFFFFF00"},{"time":0.75,"color":"FFFFFF00"},{"time":0.7917,"color":"FFFFFFFF"},{"time":0.8334,"color":"FFFFFF00"}]}}}}}