{"skeleton":{"width":182,"height":162,"fps":24,"hash":" ","name":"Armature"},"bones":[{"name":"root"}],"slots":[{"name":"candle_fire_00","bone":"root","attachment":"candle_fire_00"},{"name":"candle_fire_01","bone":"root","attachment":"candle_fire_01"},{"name":"candle_fire_02","bone":"root","attachment":"candle_fire_02"},{"name":"candle_fire_03","bone":"root","attachment":"candle_fire_03"},{"name":"candle_fire_04","bone":"root","attachment":"candle_fire_04"},{"name":"candle_fire_05","bone":"root","attachment":"candle_fire_05"},{"name":"candle_fire_06","bone":"root","attachment":"candle_fire_06"},{"name":"candle_fire_07","bone":"root","attachment":"candle_fire_07"},{"name":"candle_fire_08","bone":"root","attachment":"candle_fire_08"},{"name":"candle_fire_09","bone":"root","attachment":"candle_fire_09"},{"name":"candle_fire_10","bone":"root","attachment":"candle_fire_10"},{"name":"candle_fire_11","bone":"root","attachment":"candle_fire_11"},{"name":"candle_fire_12","bone":"root","attachment":"candle_fire_12"},{"name":"candle_fire_13","bone":"root","attachment":"candle_fire_13"},{"name":"candle_fire_14","bone":"root","attachment":"candle_fire_14"},{"name":"candle_fire_15","bone":"root","attachment":"candle_fire_15"},{"name":"candle_fire_16","bone":"root","attachment":"candle_fire_16"}],"skins":{"default":{"candle_fire_11":{"candle_fire_11":{"name":"candle_fire_11","width":182,"height":162}},"candle_fire_00":{"candle_fire_00":{"name":"candle_fire_00","width":182,"height":162}},"candle_fire_01":{"candle_fire_01":{"name":"candle_fire_01","width":182,"height":162}},"candle_fire_02":{"candle_fire_02":{"name":"candle_fire_02","width":182,"height":162}},"candle_fire_03":{"candle_fire_03":{"name":"candle_fire_03","width":182,"height":162}},"candle_fire_04":{"candle_fire_04":{"name":"candle_fire_04","width":182,"height":162}},"candle_fire_05":{"candle_fire_05":{"name":"candle_fire_05","width":182,"height":162}},"candle_fire_06":{"candle_fire_06":{"name":"candle_fire_06","width":182,"height":162}},"candle_fire_07":{"candle_fire_07":{"name":"candle_fire_07","width":182,"height":162}},"candle_fire_08":{"candle_fire_08":{"name":"candle_fire_08","width":182,"height":162}},"candle_fire_09":{"candle_fire_09":{"name":"candle_fire_09","width":182,"height":162}},"candle_fire_10":{"candle_fire_10":{"name":"candle_fire_10","width":182,"height":162}},"candle_fire_16":{"candle_fire_16":{"name":"candle_fire_16","width":182,"height":162}},"candle_fire_15":{"candle_fire_15":{"name":"candle_fire_15","width":182,"height":162}},"candle_fire_14":{"candle_fire_14":{"name":"candle_fire_14","width":182,"height":162}},"candle_fire_13":{"candle_fire_13":{"name":"candle_fire_13","width":182,"height":162}},"candle_fire_12":{"candle_fire_12":{"name":"candle_fire_12","width":182,"height":162}}}},"animations":{"newAnimation":{"slots":{"candle_fire_00":{"color":[{"time":0,"color":"FFFFFFFF"},{"time":0.0417,"color":"FFFFFFFF"},{"time":0.0834,"color":"FFFFFF00"},{"time":0.7501,"color":"FFFFFFFF"}]},"candle_fire_01":{"color":[{"time":0,"color":"FFFFFF00"},{"time":0.0417,"color":"FFFFFF00"},{"time":0.0834,"color":"FFFFFFFF"},{"time":0.1251,"color":"FFFFFF00"}]},"candle_fire_02":{"color":[{"time":0,"color":"FFFFFF00"},{"time":0.0833,"color":"FFFFFF00"},{"time":0.125,"color":"FFFFFFFF"},{"time":0.1667,"color":"FFFFFF00"}]},"candle_fire_03":{"color":[{"time":0,"color":"FFFFFF00"},{"time":0.125,"color":"FFFFFF00"},{"time":0.1667,"color":"FFFFFFFF"},{"time":0.2084,"color":"FFFFFF00"}]},"candle_fire_04":{"color":[{"time":0,"color":"FFFFFF00"},{"time":0.1667,"color":"FFFFFF00"},{"time":0.2084,"color":"FFFFFFFF"},{"time":0.2501,"color":"FFFFFF00"}]},"candle_fire_05":{"color":[{"time":0,"color":"FFFFFF00"},{"time":0.2083,"color":"FFFFFF00"},{"time":0.25,"color":"FFFFFFFF"},{"time":0.2917,"color":"FFFFFF00"}]},"candle_fire_06":{"color":[{"time":0,"color":"FFFFFF00"},{"time":0.25,"color":"FFFFFF00"},{"time":0.2917,"color":"FFFFFFFF"},{"time":0.3334,"color":"FFFFFF00"}]},"candle_fire_07":{"color":[{"time":0,"color":"FFFFFF00"},{"time":0.2917,"color":"FFFFFF00"},{"time":0.3334,"color":"FFFFFFFF"},{"time":0.3751,"color":"FFFFFF00"}]},"candle_fire_08":{"color":[{"time":0,"color":"FFFFFF00"},{"time":0.3333,"color":"FFFFFF00"},{"time":0.375,"color":"FFFFFFFF"},{"time":0.4167,"color":"FFFFFF00"}]},"candle_fire_09":{"color":[{"time":0,"color":"FFFFFF00"},{"time":0.375,"color":"FFFFFF00"},{"time":0.4167,"color":"FFFFFFFF"},{"time":0.4584,"color":"FFFFFF00"}]},"candle_fire_10":{"color":[{"time":0,"color":"FFFFFF00"},{"time":0.4167,"color":"FFFFFF00"},{"time":0.4584,"color":"FFFFFFFF"},{"time":0.5001,"color":"FFFFFF00"}]},"candle_fire_11":{"color":[{"time":0,"color":"FFFFFF00"},{"time":0.4583,"color":"FFFFFF00"},{"time":0.5,"color":"FFFFFFFF"},{"time":0.5417,"color":"FFFFFF00"}]},"candle_fire_12":{"color":[{"time":0,"color":"FFFFFF00"},{"time":0.5,"color":"FFFFFF00"},{"time":0.5417,"color":"FFFFFFFF"},{"time":0.5834,"color":"FFFFFF00"}]},"candle_fire_13":{"color":[{"time":0,"color":"FFFFFF00"},{"time":0.5417,"color":"FFFFFF00"},{"time":0.5834,"color":"FFFFFFFF"},{"time":0.6251,"color":"FFFFFF00"}]},"candle_fire_14":{"color":[{"time":0,"color":"FFFFFF00"},{"time":0.5833,"color":"FFFFFF00"},{"time":0.625,"color":"FFFFFFFF"},{"time":0.6667,"color":"FFFFFF00"}]},"candle_fire_15":{"color":[{"time":0,"color":"FFFFFF00"},{"time":0.625,"color":"FFFFFF00"},{"time":0.6667,"color":"FFFFFFFF"},{"time":0.7084,"color":"FFFFFF00"}]},"candle_fire_16":{"color":[{"time":0,"color":"FFFFFF00"},{"time":0.6667,"color":"FFFFFF00"},{"time":0.7084,"color":"FFFFFFFF"},{"time":0.7501,"color":"FFFFFF00"}]}}}}}