{"skeleton":{"width":37,"height":42,"fps":24,"hash":" ","name":"Armature"},"bones":[{"name":"root"}],"slots":[{"name":"turbo_trans_00","bone":"root","attachment":"turbo_trans_00"},{"name":"turbo_trans_01","bone":"root","attachment":"turbo_trans_01"},{"name":"turbo_trans_02","bone":"root","attachment":"turbo_trans_02"},{"name":"turbo_trans_03","bone":"root","attachment":"turbo_trans_03"}],"skins":{"default":{"turbo_trans_01":{"turbo_trans_01":{"name":"turbo_trans_01","width":36,"height":42,"y":-2}},"turbo_trans_02":{"turbo_trans_02":{"name":"turbo_trans_02","width":34,"height":42,"x":1,"y":-2}},"turbo_trans_00":{"turbo_trans_00":{"name":"turbo_trans_00","width":37,"height":42,"x":0.5,"y":-2}},"turbo_trans_03":{"turbo_trans_03":{"name":"turbo_trans_03","width":33,"height":42,"x":1.5,"y":-2}}}},"animations":{"newAnimation":{"slots":{"turbo_trans_00":{"color":[{"time":0,"color":"FFFFFFFF"},{"time":0.0417,"color":"FFFFFFFF"},{"time":0.0834,"color":"FFFFFF00"}]},"turbo_trans_01":{"color":[{"time":0,"color":"FFFFFF00"},{"time":0.0417,"color":"FFFFFF00"},{"time":0.0834,"color":"FFFFFFFF"},{"time":0.1251,"color":"FFFFFF00"}]},"turbo_trans_02":{"color":[{"time":0,"color":"FFFFFF00"},{"time":0.0833,"color":"FFFFFF00"},{"time":0.125,"color":"FFFFFFFF"},{"time":0.1667,"color":"FFFFFF00"}]},"turbo_trans_03":{"color":[{"time":0,"color":"FFFFFF00"},{"time":0.125,"color":"FFFFFF00"},{"time":0.1667,"color":"FFFFFFFF"},{"time":0.2084,"color":"FFFFFF00"}]}}}}}