{"skeleton":{"width":318,"height":138,"fps":24,"hash":" ","name":"Armature"},"bones":[{"name":"root"}],"slots":[{"name":"slowdrop_glow_00","bone":"root","attachment":"slowdrop_glow_00"},{"name":"slowdrop_glow_01","bone":"root","attachment":"slowdrop_glow_01"},{"name":"slowdrop_glow_02","bone":"root","attachment":"slowdrop_glow_02"},{"name":"slowdrop_glow_03","bone":"root","attachment":"slowdrop_glow_03"},{"name":"slowdrop_glow_04","bone":"root","attachment":"slowdrop_glow_04"},{"name":"slowdrop_glow_05","bone":"root","attachment":"slowdrop_glow_05"},{"name":"slowdrop_glow_06","bone":"root","attachment":"slowdrop_glow_06"},{"name":"slowdrop_glow_07","bone":"root","attachment":"slowdrop_glow_07"},{"name":"slowdrop_glow_08","bone":"root","attachment":"slowdrop_glow_08"},{"name":"slowdrop_glow_09","bone":"root","attachment":"slowdrop_glow_09"},{"name":"slowdrop_glow_10","bone":"root","attachment":"slowdrop_glow_10"},{"name":"slowdrop_glow_11","bone":"root","attachment":"slowdrop_glow_11"},{"name":"slowdrop_glow_12","bone":"root","attachment":"slowdrop_glow_12"},{"name":"slowdrop_glow_13","bone":"root","attachment":"slowdrop_glow_13"},{"name":"slowdrop_glow_14","bone":"root","attachment":"slowdrop_glow_14"},{"name":"slowdrop_glow_15","bone":"root","attachment":"slowdrop_glow_15"},{"name":"slowdrop_glow_16","bone":"root","attachment":"slowdrop_glow_16"}],"skins":{"default":{"slowdrop_glow_10":{"slowdrop_glow_10":{"name":"slowdrop_glow_10","width":318,"height":138}},"slowdrop_glow_02":{"slowdrop_glow_02":{"name":"slowdrop_glow_02","width":318,"height":138}},"slowdrop_glow_00":{"slowdrop_glow_00":{"name":"slowdrop_glow_00","width":318,"height":138}},"slowdrop_glow_05":{"slowdrop_glow_05":{"name":"slowdrop_glow_05","width":318,"height":138}},"slowdrop_glow_07":{"slowdrop_glow_07":{"name":"slowdrop_glow_07","width":318,"height":138}},"slowdrop_glow_06":{"slowdrop_glow_06":{"name":"slowdrop_glow_06","width":318,"height":138}},"slowdrop_glow_09":{"slowdrop_glow_09":{"name":"slowdrop_glow_09","width":318,"height":138}},"slowdrop_glow_16":{"slowdrop_glow_16":{"name":"slowdrop_glow_16","width":318,"height":138}},"slowdrop_glow_15":{"slowdrop_glow_15":{"name":"slowdrop_glow_15","width":318,"height":138}},"slowdrop_glow_14":{"slowdrop_glow_14":{"name":"slowdrop_glow_14","width":318,"height":138}},"slowdrop_glow_13":{"slowdrop_glow_13":{"name":"slowdrop_glow_13","width":318,"height":138}},"slowdrop_glow_12":{"slowdrop_glow_12":{"name":"slowdrop_glow_12","width":318,"height":138}},"slowdrop_glow_11":{"slowdrop_glow_11":{"name":"slowdrop_glow_11","width":318,"height":138}},"slowdrop_glow_03":{"slowdrop_glow_03":{"name":"slowdrop_glow_03","width":318,"height":138}},"slowdrop_glow_01":{"slowdrop_glow_01":{"name":"slowdrop_glow_01","width":318,"height":138}},"slowdrop_glow_08":{"slowdrop_glow_08":{"name":"slowdrop_glow_08","width":318,"height":138}},"slowdrop_glow_04":{"slowdrop_glow_04":{"name":"slowdrop_glow_04","width":318,"height":138}}}},"animations":{"newAnimation":{"slots":{"slowdrop_glow_00":{"color":[{"time":0,"color":"FFFFFFFF"},{"time":0.0417,"color":"FFFFFFFF"},{"time":0.0834,"color":"FFFFFF00"}]},"slowdrop_glow_01":{"color":[{"time":0,"color":"FFFFFF00"},{"time":0.0417,"color":"FFFFFF00"},{"time":0.0834,"color":"FFFFFFFF"},{"time":0.1251,"color":"FFFFFF00"}]},"slowdrop_glow_02":{"color":[{"time":0,"color":"FFFFFF00"},{"time":0.0833,"color":"FFFFFF00"},{"time":0.125,"color":"FFFFFFFF"},{"time":0.1667,"color":"FFFFFF00"}]},"slowdrop_glow_03":{"color":[{"time":0,"color":"FFFFFF00"},{"time":0.125,"color":"FFFFFF00"},{"time":0.1667,"color":"FFFFFFFF"},{"time":0.2084,"color":"FFFFFF00"}]},"slowdrop_glow_04":{"color":[{"time":0,"color":"FFFFFF00"},{"time":0.1667,"color":"FFFFFF00"},{"time":0.2084,"color":"FFFFFFFF"},{"time":0.2501,"color":"FFFFFF00"}]},"slowdrop_glow_05":{"color":[{"time":0,"color":"FFFFFF00"},{"time":0.2083,"color":"FFFFFF00"},{"time":0.25,"color":"FFFFFFFF"},{"time":0.2917,"color":"FFFFFF00"}]},"slowdrop_glow_06":{"color":[{"time":0,"color":"FFFFFF00"},{"time":0.25,"color":"FFFFFF00"},{"time":0.2917,"color":"FFFFFFFF"},{"time":0.3334,"color":"FFFFFF00"}]},"slowdrop_glow_07":{"color":[{"time":0,"color":"FFFFFF00"},{"time":0.2917,"color":"FFFFFF00"},{"time":0.3334,"color":"FFFFFFFF"},{"time":0.3751,"color":"FFFFFF00"}]},"slowdrop_glow_08":{"color":[{"time":0,"color":"FFFFFF00"},{"time":0.3333,"color":"FFFFFF00"},{"time":0.375,"color":"FFFFFFFF"},{"time":0.4167,"color":"FFFFFF00"}]},"slowdrop_glow_09":{"color":[{"time":0,"color":"FFFFFF00"},{"time":0.375,"color":"FFFFFF00"},{"time":0.4167,"color":"FFFFFFFF"},{"time":0.4584,"color":"FFFFFF00"}]},"slowdrop_glow_10":{"color":[{"time":0,"color":"FFFFFF00"},{"time":0.4167,"color":"FFFFFF00"},{"time":0.4584,"color":"FFFFFFFF"},{"time":0.5001,"color":"FFFFFF00"}]},"slowdrop_glow_11":{"color":[{"time":0,"color":"FFFFFF00"},{"time":0.4583,"color":"FFFFFF00"},{"time":0.5,"color":"FFFFFFFF"},{"time":0.5417,"color":"FFFFFF00"}]},"slowdrop_glow_12":{"color":[{"time":0,"color":"FFFFFF00"},{"time":0.5,"color":"FFFFFF00"},{"time":0.5417,"color":"FFFFFFFF"},{"time":0.5834,"color":"FFFFFF00"}]},"slowdrop_glow_13":{"color":[{"time":0,"color":"FFFFFF00"},{"time":0.5417,"color":"FFFFFF00"},{"time":0.5834,"color":"FFFFFFFF"},{"time":0.6251,"color":"FFFFFF00"}]},"slowdrop_glow_14":{"color":[{"time":0,"color":"FFFFFF00"},{"time":0.5833,"color":"FFFFFF00"},{"time":0.625,"color":"FFFFFFFF"},{"time":0.6667,"color":"FFFFFF00"}]},"slowdrop_glow_15":{"color":[{"time":0,"color":"FFFFFF00"},{"time":0.625,"color":"FFFFFF00"},{"time":0.6667,"color":"FFFFFFFF"},{"time":0.7084,"color":"FFFFFF00"}]},"slowdrop_glow_16":{"color":[{"time":0,"color":"FFFFFF00"},{"time":0.6667,"color":"FFFFFF00"},{"time":0.7084,"color":"FFFFFFFF"},{"time":0.7501,"color":"FFFFFF00"}]}}}}}