{"skeleton":{"width":142,"height":145,"fps":24,"hash":" ","name":"Armature"},"bones":[{"name":"root"}],"slots":[{"name":"symbol_pay_loop_00","bone":"root","attachment":"symbol_pay_loop_00"},{"name":"symbol_pay_loop_01","bone":"root","attachment":"symbol_pay_loop_01"},{"name":"symbol_pay_loop_02","bone":"root","attachment":"symbol_pay_loop_02"},{"name":"symbol_pay_loop_03","bone":"root","attachment":"symbol_pay_loop_03"},{"name":"symbol_pay_loop_04","bone":"root","attachment":"symbol_pay_loop_04"},{"name":"symbol_pay_loop_05","bone":"root","attachment":"symbol_pay_loop_05"},{"name":"symbol_pay_loop_06","bone":"root","attachment":"symbol_pay_loop_06"},{"name":"symbol_pay_loop_07","bone":"root","attachment":"symbol_pay_loop_07"},{"name":"symbol_pay_loop_08","bone":"root","attachment":"symbol_pay_loop_08"},{"name":"symbol_pay_loop_09","bone":"root","attachment":"symbol_pay_loop_09"},{"name":"symbol_pay_loop_10","bone":"root","attachment":"symbol_pay_loop_10"},{"name":"symbol_pay_loop_11","bone":"root","attachment":"symbol_pay_loop_11"},{"name":"symbol_pay_loop_12","bone":"root","attachment":"symbol_pay_loop_12"},{"name":"symbol_pay_loop_13","bone":"root","attachment":"symbol_pay_loop_13"},{"name":"symbol_pay_loop_14","bone":"root","attachment":"symbol_pay_loop_14"},{"name":"symbol_pay_loop_15","bone":"root","attachment":"symbol_pay_loop_15"},{"name":"symbol_pay_loop_16","bone":"root","attachment":"symbol_pay_loop_16"}],"skins":{"default":{"symbol_pay_loop_11":{"symbol_pay_loop_11":{"name":"symbol_pay_loop_11","width":142,"height":145}},"symbol_pay_loop_00":{"symbol_pay_loop_00":{"name":"symbol_pay_loop_00","width":142,"height":145}},"symbol_pay_loop_09":{"symbol_pay_loop_09":{"name":"symbol_pay_loop_09","width":142,"height":145}},"symbol_pay_loop_05":{"symbol_pay_loop_05":{"name":"symbol_pay_loop_05","width":142,"height":145}},"symbol_pay_loop_06":{"symbol_pay_loop_06":{"name":"symbol_pay_loop_06","width":142,"height":145}},"symbol_pay_loop_03":{"symbol_pay_loop_03":{"name":"symbol_pay_loop_03","width":142,"height":145}},"symbol_pay_loop_04":{"symbol_pay_loop_04":{"name":"symbol_pay_loop_04","width":142,"height":145}},"symbol_pay_loop_14":{"symbol_pay_loop_14":{"name":"symbol_pay_loop_14","width":142,"height":145}},"symbol_pay_loop_02":{"symbol_pay_loop_02":{"name":"symbol_pay_loop_02","width":142,"height":145}},"symbol_pay_loop_10":{"symbol_pay_loop_10":{"name":"symbol_pay_loop_10","width":142,"height":145}},"symbol_pay_loop_08":{"symbol_pay_loop_08":{"name":"symbol_pay_loop_08","width":142,"height":145}},"symbol_pay_loop_07":{"symbol_pay_loop_07":{"name":"symbol_pay_loop_07","width":142,"height":145}},"symbol_pay_loop_16":{"symbol_pay_loop_16":{"name":"symbol_pay_loop_16","width":142,"height":145}},"symbol_pay_loop_15":{"symbol_pay_loop_15":{"name":"symbol_pay_loop_15","width":142,"height":145}},"symbol_pay_loop_01":{"symbol_pay_loop_01":{"name":"symbol_pay_loop_01","width":142,"height":145}},"symbol_pay_loop_13":{"symbol_pay_loop_13":{"name":"symbol_pay_loop_13","width":142,"height":145}},"symbol_pay_loop_12":{"symbol_pay_loop_12":{"name":"symbol_pay_loop_12","width":142,"height":145}}}},"animations":{"newAnimation":{"slots":{"symbol_pay_loop_00":{"color":[{"time":0,"color":"FFFFFFFF"},{"time":0.0417,"color":"FFFFFFFF"},{"time":0.0834,"color":"FFFFFF00"}]},"symbol_pay_loop_01":{"color":[{"time":0,"color":"FFFFFF00"},{"time":0.0417,"color":"FFFFFF00"},{"time":0.0834,"color":"FFFFFFFF"},{"time":0.1251,"color":"FFFFFF00"}]},"symbol_pay_loop_02":{"color":[{"time":0,"color":"FFFFFF00"},{"time":0.0833,"color":"FFFFFF00"},{"time":0.125,"color":"FFFFFFFF"},{"time":0.1667,"color":"FFFFFF00"}]},"symbol_pay_loop_03":{"color":[{"time":0,"color":"FFFFFF00"},{"time":0.125,"color":"FFFFFF00"},{"time":0.1667,"color":"FFFFFFFF"},{"time":0.2084,"color":"FFFFFF00"}]},"symbol_pay_loop_04":{"color":[{"time":0,"color":"FFFFFF00"},{"time":0.1667,"color":"FFFFFF00"},{"time":0.2084,"color":"FFFFFFFF"},{"time":0.2501,"color":"FFFFFF00"}]},"symbol_pay_loop_05":{"color":[{"time":0,"color":"FFFFFF00"},{"time":0.2083,"color":"FFFFFF00"},{"time":0.25,"color":"FFFFFFFF"},{"time":0.2917,"color":"FFFFFF00"}]},"symbol_pay_loop_06":{"color":[{"time":0,"color":"FFFFFF00"},{"time":0.25,"color":"FFFFFF00"},{"time":0.2917,"color":"FFFFFFFF"},{"time":0.3334,"color":"FFFFFF00"}]},"symbol_pay_loop_07":{"color":[{"time":0,"color":"FFFFFF00"},{"time":0.2917,"color":"FFFFFF00"},{"time":0.3334,"color":"FFFFFFFF"},{"time":0.3751,"color":"FFFFFF00"}]},"symbol_pay_loop_08":{"color":[{"time":0,"color":"FFFFFF00"},{"time":0.3333,"color":"FFFFFF00"},{"time":0.375,"color":"FFFFFFFF"},{"time":0.4167,"color":"FFFFFF00"}]},"symbol_pay_loop_09":{"color":[{"time":0,"color":"FFFFFF00"},{"time":0.375,"color":"FFFFFF00"},{"time":0.4167,"color":"FFFFFFFF"},{"time":0.4584,"color":"FFFFFF00"}]},"symbol_pay_loop_10":{"color":[{"time":0,"color":"FFFFFF00"},{"time":0.4167,"color":"FFFFFF00"},{"time":0.4584,"color":"FFFFFFFF"},{"time":0.5001,"color":"FFFFFF00"}]},"symbol_pay_loop_11":{"color":[{"time":0,"color":"FFFFFF00"},{"time":0.4583,"color":"FFFFFF00"},{"time":0.5,"color":"FFFFFFFF"},{"time":0.5417,"color":"FFFFFF00"}]},"symbol_pay_loop_12":{"color":[{"time":0,"color":"FFFFFF00"},{"time":0.5,"color":"FFFFFF00"},{"time":0.5417,"color":"FFFFFFFF"},{"time":0.5834,"color":"FFFFFF00"}]},"symbol_pay_loop_13":{"color":[{"time":0,"color":"FFFFFF00"},{"time":0.5417,"color":"FFFFFF00"},{"time":0.5834,"color":"FFFFFFFF"},{"time":0.6251,"color":"FFFFFF00"}]},"symbol_pay_loop_14":{"color":[{"time":0,"color":"FFFFFF00"},{"time":0.5833,"color":"FFFFFF00"},{"time":0.625,"color":"FFFFFFFF"},{"time":0.6667,"color":"FFFFFF00"}]},"symbol_pay_loop_15":{"color":[{"time":0,"color":"FFFFFF00"},{"time":0.625,"color":"FFFFFF00"},{"time":0.6667,"color":"FFFFFFFF"},{"time":0.7084,"color":"FFFFFF00"}]},"symbol_pay_loop_16":{"color":[{"time":0,"color":"FFFFFF00"},{"time":0.6667,"color":"FFFFFF00"},{"time":0.7084,"color":"FFFFFFFF"},{"time":0.7501,"color":"FFFFFF00"}]}}}}}