{"skeleton":{"width":438,"height":130,"fps":24,"hash":" ","name":"Armature"},"bones":[{"name":"root"}],"slots":[{"name":"ib_coin_particle_00","bone":"root","attachment":"ib_coin_particle_00"},{"name":"ib_coin_particle_01","bone":"root","attachment":"ib_coin_particle_01"},{"name":"ib_coin_particle_02","bone":"root","attachment":"ib_coin_particle_02"},{"name":"ib_coin_particle_03","bone":"root","attachment":"ib_coin_particle_03"},{"name":"ib_coin_particle_04","bone":"root","attachment":"ib_coin_particle_04"},{"name":"ib_coin_particle_05","bone":"root","attachment":"ib_coin_particle_05"},{"name":"ib_coin_particle_06","bone":"root","attachment":"ib_coin_particle_06"},{"name":"ib_coin_particle_07","bone":"root","attachment":"ib_coin_particle_07"},{"name":"ib_coin_particle_08","bone":"root","attachment":"ib_coin_particle_08"},{"name":"ib_coin_particle_09","bone":"root","attachment":"ib_coin_particle_09"},{"name":"ib_coin_particle_10","bone":"root","attachment":"ib_coin_particle_10"},{"name":"ib_coin_particle_11","bone":"root","attachment":"ib_coin_particle_11"},{"name":"ib_coin_particle_12","bone":"root","attachment":"ib_coin_particle_12"},{"name":"ib_coin_particle_13","bone":"root","attachment":"ib_coin_particle_13"},{"name":"ib_coin_particle_14","bone":"root","attachment":"ib_coin_particle_14"},{"name":"ib_coin_particle_15","bone":"root","attachment":"ib_coin_particle_15"},{"name":"ib_coin_particle_16","bone":"root","attachment":"ib_coin_particle_16"},{"name":"ib_coin_particle_17","bone":"root","attachment":"ib_coin_particle_17"},{"name":"ib_coin_particle_18","bone":"root","attachment":"ib_coin_particle_18"},{"name":"ib_coin_particle_19","bone":"root","attachment":"ib_coin_particle_19"},{"name":"ib_coin_particle_20","bone":"root","attachment":"ib_coin_particle_20"},{"name":"ib_coin_particle_21","bone":"root","attachment":"ib_coin_particle_21"},{"name":"ib_coin_particle_22","bone":"root","attachment":"ib_coin_particle_22"}],"skins":{"default":{"ib_coin_particle_12":{"ib_coin_particle_12":{"name":"ib_coin_particle_12","width":430,"height":111,"x":13,"y":7}},"ib_coin_particle_01":{"ib_coin_particle_01":{"name":"ib_coin_particle_01","width":374,"height":92,"x":12,"y":1.5}},"ib_coin_particle_06":{"ib_coin_particle_06":{"name":"ib_coin_particle_06","width":412,"height":116,"x":11,"y":3.5}},"ib_coin_particle_02":{"ib_coin_particle_02":{"name":"ib_coin_particle_02","width":388,"height":96,"x":12,"y":1.5}},"ib_coin_particle_07":{"ib_coin_particle_07":{"name":"ib_coin_particle_07","width":419,"height":118,"x":12.5,"y":-1.5}},"ib_coin_particle_04":{"ib_coin_particle_04":{"name":"ib_coin_particle_04","width":400,"height":115,"x":12}},"ib_coin_particle_16":{"ib_coin_particle_16":{"name":"ib_coin_particle_16","width":435,"height":73,"x":11.5,"y":5}},"ib_coin_particle_10":{"ib_coin_particle_10":{"name":"ib_coin_particle_10","width":423,"height":125,"x":10.5,"y":7}},"ib_coin_particle_15":{"ib_coin_particle_15":{"name":"ib_coin_particle_15","width":437,"height":73,"x":11.5,"y":4}},"ib_coin_particle_00":{"ib_coin_particle_00":{"name":"ib_coin_particle_00","width":352,"height":77,"x":13,"y":-1}},"ib_coin_particle_21":{"ib_coin_particle_21":{"name":"ib_coin_particle_21","width":411,"height":54,"x":-0.5,"y":10.5}},"ib_coin_particle_13":{"ib_coin_particle_13":{"name":"ib_coin_particle_13","width":431,"height":93,"x":10.5,"y":12}},"ib_coin_particle_20":{"ib_coin_particle_20":{"name":"ib_coin_particle_20","width":413,"height":57,"x":-1.5,"y":9}},"ib_coin_particle_05":{"ib_coin_particle_05":{"name":"ib_coin_particle_05","width":406,"height":118,"x":12,"y":4.5}},"ib_coin_particle_11":{"ib_coin_particle_11":{"name":"ib_coin_particle_11","width":426,"height":108,"x":12,"y":4.5}},"ib_coin_particle_18":{"ib_coin_particle_18":{"name":"ib_coin_particle_18","width":437,"height":62,"x":10.5,"y":9.5}},"ib_coin_particle_17":{"ib_coin_particle_17":{"name":"ib_coin_particle_17","width":437,"height":66,"x":10.5,"y":10.5}},"ib_coin_particle_03":{"ib_coin_particle_03":{"name":"ib_coin_particle_03","width":392,"height":108,"x":13,"y":-0.5}},"ib_coin_particle_08":{"ib_coin_particle_08":{"name":"ib_coin_particle_08","width":423,"height":117,"x":11.5,"y":3}},"ib_coin_particle_19":{"ib_coin_particle_19":{"name":"ib_coin_particle_19","width":411,"height":59,"x":-0.5,"y":11}},"ib_coin_particle_14":{"ib_coin_particle_14":{"name":"ib_coin_particle_14","width":437,"height":69,"x":11.5,"y":2}},"ib_coin_particle_22":{"ib_coin_particle_22":{"name":"ib_coin_particle_22","width":294,"height":39,"x":-40,"y":18}},"ib_coin_particle_09":{"ib_coin_particle_09":{"name":"ib_coin_particle_09","width":423,"height":129,"x":10.5,"y":5}}}},"animations":{"newAnimation":{"slots":{"ib_coin_particle_00":{"color":[{"time":0,"color":"FFFFFFFF"},{"time":0.0417,"color":"FFFFFFFF"},{"time":0.0834,"color":"FFFFFF00"}]},"ib_coin_particle_01":{"color":[{"time":0,"color":"FFFFFF00"},{"time":0.0417,"color":"FFFFFF00"},{"time":0.0834,"color":"FFFFFFFF"},{"time":0.1251,"color":"FFFFFF00"}]},"ib_coin_particle_02":{"color":[{"time":0,"color":"FFFFFF00"},{"time":0.0833,"color":"FFFFFF00"},{"time":0.125,"color":"FFFFFFFF"},{"time":0.1667,"color":"FFFFFF00"}]},"ib_coin_particle_03":{"color":[{"time":0,"color":"FFFFFF00"},{"time":0.125,"color":"FFFFFF00"},{"time":0.1667,"color":"FFFFFFFF"},{"time":0.2084,"color":"FFFFFF00"}]},"ib_coin_particle_04":{"color":[{"time":0,"color":"FFFFFF00"},{"time":0.1667,"color":"FFFFFF00"},{"time":0.2084,"color":"FFFFFFFF"},{"time":0.2501,"color":"FFFFFF00"}]},"ib_coin_particle_05":{"color":[{"time":0,"color":"FFFFFF00"},{"time":0.2083,"color":"FFFFFF00"},{"time":0.25,"color":"FFFFFFFF"},{"time":0.2917,"color":"FFFFFF00"}]},"ib_coin_particle_06":{"color":[{"time":0,"color":"FFFFFF00"},{"time":0.25,"color":"FFFFFF00"},{"time":0.2917,"color":"FFFFFFFF"},{"time":0.3334,"color":"FFFFFF00"}]},"ib_coin_particle_07":{"color":[{"time":0,"color":"FFFFFF00"},{"time":0.2917,"color":"FFFFFF00"},{"time":0.3334,"color":"FFFFFFFF"},{"time":0.3751,"color":"FFFFFF00"}]},"ib_coin_particle_08":{"color":[{"time":0,"color":"FFFFFF00"},{"time":0.3333,"color":"FFFFFF00"},{"time":0.375,"color":"FFFFFFFF"},{"time":0.4167,"color":"FFFFFF00"}]},"ib_coin_particle_09":{"color":[{"time":0,"color":"FFFFFF00"},{"time":0.375,"color":"FFFFFF00"},{"time":0.4167,"color":"FFFFFFFF"},{"time":0.4584,"color":"FFFFFF00"}]},"ib_coin_particle_10":{"color":[{"time":0,"color":"FFFFFF00"},{"time":0.4167,"color":"FFFFFF00"},{"time":0.4584,"color":"FFFFFFFF"},{"time":0.5001,"color":"FFFFFF00"}]},"ib_coin_particle_11":{"color":[{"time":0,"color":"FFFFFF00"},{"time":0.4583,"color":"FFFFFF00"},{"time":0.5,"color":"FFFFFFFF"},{"time":0.5417,"color":"FFFFFF00"}]},"ib_coin_particle_12":{"color":[{"time":0,"color":"FFFFFF00"},{"time":0.5,"color":"FFFFFF00"},{"time":0.5417,"color":"FFFFFFFF"},{"time":0.5834,"color":"FFFFFF00"}]},"ib_coin_particle_13":{"color":[{"time":0,"color":"FFFFFF00"},{"time":0.5417,"color":"FFFFFF00"},{"time":0.5834,"color":"FFFFFFFF"},{"time":0.6251,"color":"FFFFFF00"}]},"ib_coin_particle_14":{"color":[{"time":0,"color":"FFFFFF00"},{"time":0.5833,"color":"FFFFFF00"},{"time":0.625,"color":"FFFFFFFF"},{"time":0.6667,"color":"FFFFFF00"}]},"ib_coin_particle_15":{"color":[{"time":0,"color":"FFFFFF00"},{"time":0.625,"color":"FFFFFF00"},{"time":0.6667,"color":"FFFFFFFF"},{"time":0.7084,"color":"FFFFFF00"}]},"ib_coin_particle_16":{"color":[{"time":0,"color":"FFFFFF00"},{"time":0.6667,"color":"FFFFFF00"},{"time":0.7084,"color":"FFFFFFFF"},{"time":0.7501,"color":"FFFFFF00"}]},"ib_coin_particle_17":{"color":[{"time":0,"color":"FFFFFF00"},{"time":0.7083,"color":"FFFFFF00"},{"time":0.75,"color":"FFFFFFFF"},{"time":0.7917,"color":"FFFFFF00"}]},"ib_coin_particle_18":{"color":[{"time":0,"color":"FFFFFF00"},{"time":0.75,"color":"FFFFFF00"},{"time":0.7917,"color":"FFFFFFFF"},{"time":0.8334,"color":"FFFFFF00"}]},"ib_coin_particle_19":{"color":[{"time":0,"color":"FFFFFF00"},{"time":0.7917,"color":"FFFFFF00"},{"time":0.8334,"color":"FFFFFFFF"},{"time":0.8751,"color":"FFFFFF00"}]},"ib_coin_particle_20":{"color":[{"time":0,"color":"FFFFFF00"},{"time":0.8333,"color":"FFFFFF00"},{"time":0.875,"color":"FFFFFFFF"},{"time":0.9167,"color":"FFFFFF00"}]},"ib_coin_particle_21":{"color":[{"time":0,"color":"FFFFFF00"},{"time":0.875,"color":"FFFFFF00"},{"time":0.9167,"color":"FFFFFFFF"},{"time":0.9584,"color":"FFFFFF00"}]},"ib_coin_particle_22":{"color":[{"time":0,"color":"FFFFFF00"},{"time":0.9167,"color":"FFFFFF00"},{"time":0.9584,"color":"FFFFFFFF"},{"time":1.0001,"color":"FFFFFF00"}]}}}}}