{"skeleton":{"width":39,"height":53,"fps":24,"hash":" ","name":"Armature"},"bones":[{"name":"root"}],"slots":[{"name":"turbo_lightning_00","bone":"root","attachment":"turbo_lightning_00"},{"name":"turbo_lightning_01","bone":"root","attachment":"turbo_lightning_01"},{"name":"turbo_lightning_03","bone":"root","attachment":"turbo_lightning_03"},{"name":"turbo_lightning_04","bone":"root","attachment":"turbo_lightning_04"},{"name":"turbo_lightning_05","bone":"root","attachment":"turbo_lightning_05"},{"name":"turbo_lightning_06","bone":"root","attachment":"turbo_lightning_06"},{"name":"turbo_lightning_12","bone":"root","attachment":"turbo_lightning_12"},{"name":"turbo_lightning_13","bone":"root","attachment":"turbo_lightning_13"}],"skins":{"default":{"turbo_lightning_13":{"turbo_lightning_13":{"name":"turbo_lightning_13","width":19,"height":32,"x":-0.5,"y":8}},"turbo_lightning_01":{"turbo_lightning_01":{"name":"turbo_lightning_01","width":11,"height":15,"x":6.5,"y":6.5}},"turbo_lightning_05":{"turbo_lightning_05":{"name":"turbo_lightning_05","width":11,"height":37,"x":-3.5,"y":-9.5}},"turbo_lightning_03":{"turbo_lightning_03":{"name":"turbo_lightning_03","width":10,"height":17,"x":3,"y":-1.5}},"turbo_lightning_06":{"turbo_lightning_06":{"name":"turbo_lightning_06","width":8,"height":36,"x":-4,"y":-9}},"turbo_lightning_04":{"turbo_lightning_04":{"name":"turbo_lightning_04","width":13,"height":28,"x":0.5,"y":-5}},"turbo_lightning_00":{"turbo_lightning_00":{"name":"turbo_lightning_00","width":13,"height":25,"x":13.5,"y":12.5}},"turbo_lightning_12":{"turbo_lightning_12":{"name":"turbo_lightning_12","width":26,"height":28,"x":-6,"y":8}}}},"animations":{"newAnimation":{"slots":{"turbo_lightning_00":{"color":[{"time":0,"color":"FFFFFFFF"},{"time":0.0417,"color":"FFFFFFFF"},{"time":0.0834,"color":"FFFFFF00"},{"time":0.3334,"color":"FFFFFF00"},{"time":0.3751,"color":"FFFFFFFF"}]},"turbo_lightning_01":{"color":[{"time":0,"color":"FFFFFF00"},{"time":0.0417,"color":"FFFFFF00"},{"time":0.0834,"color":"FFFFFFFF"},{"time":0.1251,"color":"FFFFFF00"}]},"turbo_lightning_03":{"color":[{"time":0,"color":"FFFFFF00"},{"time":0.0833,"color":"FFFFFF00"},{"time":0.125,"color":"FFFFFFFF"},{"time":0.1667,"color":"FFFFFF00"}]},"turbo_lightning_04":{"color":[{"time":0,"color":"FFFFFF00"},{"time":0.125,"color":"FFFFFF00"},{"time":0.1667,"color":"FFFFFFFF"},{"time":0.2084,"color":"FFFFFF00"}]},"turbo_lightning_05":{"color":[{"time":0,"color":"FFFFFF00"},{"time":0.1667,"color":"FFFFFF00"},{"time":0.2084,"color":"FFFFFFFF"},{"time":0.2501,"color":"FFFFFF00"}]},"turbo_lightning_06":{"color":[{"time":0,"color":"FFFFFF00"},{"time":0.2083,"color":"FFFFFF00"},{"time":0.25,"color":"FFFFFFFF"},{"time":0.2917,"color":"FFFFFF00"}]},"turbo_lightning_12":{"color":[{"time":0,"color":"FFFFFF00"},{"time":0.25,"color":"FFFFFF00"},{"time":0.2917,"color":"FFFFFFFF"},{"time":0.3334,"color":"FFFFFF00"}]},"turbo_lightning_13":{"color":[{"time":0,"color":"FFFFFF00"},{"time":0.2917,"color":"FFFFFF00"},{"time":0.3334,"color":"FFFFFFFF"},{"time":0.3751,"color":"FFFFFF00"}]}}}}}